Date,Open,High,Low,Close,Adj Close,Volume,Day
2018-02-12,58.84,58.869999,56.2575,57.0075,56.432323,109317200,0
2018-02-13,56.639999,58.625,56.3125,58.157501,57.570724,62552400,1
2018-02-14,57.75,60.647499,57.637501,60.355,59.746056,74498800,2
2018-02-15,61.197498,62.092499,60.380001,61.625,61.003246,69890000,3
2018-02-16,61.349998,62.5,60.8675,60.959999,60.344948,63765600,4
2018-02-20,61.1875,62.967499,61.150002,62.27,61.641743,68624000,5
2018-02-21,62.922501,62.9925,60.34,60.377499,59.768333,89229200,6
2018-02-22,60.682499,61.407501,59.875,60.537498,59.963947,53436400,7
2018-02-23,61.142502,61.482498,60.630001,61.482498,60.900002,41530000,8
2018-02-26,61.950001,61.994999,61.014999,61.645,61.060959,46931200,9
2018-02-27,61.375,62.227501,61.282501,61.514999,60.932194,45543600,10
2018-02-28,61.625,62.025002,60.3825,60.5,59.926815,52311600,11
2018-03-01,60.477501,61.022499,57.029999,58.052502,57.502495,104012000,12
2018-03-02,56.965,59.200001,55.462502,59.134998,58.574738,91342800,13
2018-03-05,58.627499,59.3125,57.380001,58.912498,58.354347,62077600,14
2018-03-06,59.775002,60.735001,59.34,60.540001,59.966434,63680800,15
2018-03-07,59.5,60.987499,59.487499,60.459999,59.88718,58120800,16
2018-03-08,60.737499,60.737499,59.8475,60.294998,59.723747,41191200,17
2018-03-09,60.775002,61.462502,60.612499,61.3325,60.751423,50552400,18
2018-03-12,61.75,63.25,61.6675,62.439999,61.848431,60506000,19
2018-03-13,62.872501,63.625,61.509998,61.927502,61.340786,61977200,20
2018-03-14,62.362499,62.637501,61.555,62.185001,61.595852,50549600,21
2018-03-15,62.322498,63.154999,61.91,62.334999,61.744427,40195200,22
2018-03-16,62.5,62.8125,62.119999,62.619999,62.02673,39945600,23
2018-03-19,62.044998,62.337502,59.25,60.25,59.679176,71377200,24
2018-03-20,60.279999,62.787498,60.279999,62.395,61.803856,55469600,25
2018-03-21,62.330002,63,61.8325,62.139999,61.551273,43868800,26
2018-03-22,61.5,61.970001,60.084999,60.462502,59.889664,55119600,27
2018-03-23,60.599998,60.625,58.130001,58.2425,57.690701,73562000,28
2018-03-26,59.5,61.1325,58.974998,61.119999,60.540936,61142400,29
2018-03-27,61.9375,62.5,54.962502,56.380001,55.84584,140900000,30
2018-03-28,56.032501,57.3475,54.25,55.337502,54.813221,94590400,31
2018-03-29,56.0275,58.875,55.174999,57.897499,57.348969,91662800,32
2018-04-02,57.185001,58.662498,54.375,55.262501,54.738937,92209200,33
2018-04-03,56.950001,57.587502,55.337502,56.337502,55.803749,66743200,34
2018-04-04,53.752499,56.665001,53.5,56.560001,56.024139,78916800,35
2018-04-05,57.150002,57.282501,54.622501,55.345001,54.820648,70124000,36
2018-04-06,54.307499,55.400002,53.267502,53.5625,53.055035,66298800,37
2018-04-09,54.200001,55.4925,53.650002,53.852501,53.342281,49952400,38
2018-04-10,56.18,57.25,55.602501,56.977501,56.437683,76167600,39
2018-04-11,56.827499,57.244999,56.23,56.560001,56.024139,46024400,40
2018-04-12,57.5,58.830002,57.052502,58.650002,58.094337,59392000,41
2018-04-13,59.2925,59.377499,57.387501,57.875,57.326675,50303600,42
2018-04-16,57.942501,58.209999,56.919998,57.872501,57.324211,35079200,43
2018-04-17,58.400002,59.599998,57.837502,59.384998,58.822372,44722400,44
2018-04-18,58.875,59.8125,58.192501,59.092499,58.53265,39136400,45
2018-04-19,57.9375,58.275002,56.700001,57.259998,56.717495,47199600,46
2018-04-20,57.172501,58.025002,56.862499,57.177502,56.635788,38620000,47
2018-04-23,57.357498,57.875,55.7075,55.970001,55.439732,42750800,48
2018-04-24,56.23,57.200001,54.639999,55.299999,54.776073,41459600,49
2018-04-25,55,55.395,52.575001,54.165001,53.651825,58849200,50
2018-04-26,55.799999,56.387501,55.1325,56.305,55.771545,37582400,51
2018-04-27,57.375,57.575001,56.154999,56.5825,56.046425,40084800,52
2018-04-30,56.747501,57.25,56.029999,56.224998,55.692314,32784400,53
2018-05-01,56.142502,56.8125,55.549999,56.785,56.247005,25378800,54
2018-05-02,56.75,57.200001,56.3125,56.577499,56.041473,26824800,55
2018-05-03,56.900002,58.512501,56.442501,58.247501,57.695652,44314400,56
2018-05-04,57.9575,59.797501,57.782501,59.764999,59.198784,40066000,57
2018-05-07,60.822498,62.747501,60.7225,62.169998,61.58099,68761600,58
2018-05-08,62.172501,62.627499,61.677502,62.599998,62.006912,50661600,59
2018-05-09,62.802502,63.967499,62.5275,63.945,63.339176,59676000,60
2018-05-10,64.480003,65.125,64.300003,65.032501,64.416374,99408000,61
2018-05-11,63.195,64.947502,62.634998,63.6325,63.029633,121445600,62
2018-05-14,64.017502,64.622498,63.599998,63.84,63.235172,52314000,63
2018-05-15,63.197498,63.224998,60.375,61.389999,60.808376,96352800,64
2018-05-16,61,62.130001,60.627499,61.502499,60.919811,55382800,65
2018-05-17,61.52,62.875,61.357498,61.927502,61.340786,51978400,66
2018-05-18,62.452499,63.092499,61.435001,61.485001,60.902477,48371600,67
2018-05-21,62.470001,62.5075,60.122501,61.060001,60.481514,64062400,68
2018-05-22,61.195,61.450001,60.0625,60.674999,60.100163,51826400,69
2018-05-23,60.07,61.897499,60.0625,61.884998,61.336597,44295600,70
2018-05-24,61.8475,62.349998,61.310001,61.922501,61.373772,43737200,71
2018-05-25,62.049999,62.485001,61.689999,62.32,61.76775,29211200,72
2018-05-29,62.137501,62.834999,61.674999,62.147499,61.596775,35268400,73
2018-05-30,62.487499,63.334999,62.237499,63.247501,62.687016,39099600,74
2018-05-31,62.924999,63.799999,62.817501,63.047501,62.488796,49386800,75
2018-06-01,63.5,64.467499,63.412498,64.404999,63.834251,42196800,76
2018-06-04,64.75,66.434998,64.425003,66.212502,65.625732,64202400,77
2018-06-05,66.245003,66.647499,65.792503,66.267502,65.680252,39171200,78
2018-06-06,65.357498,66.32,65.192497,66.287498,65.700073,37135600,79
2018-06-07,66.25,66.370003,64.8125,65.724998,65.142563,36944800,80
2018-06-08,64.989998,66,64.800003,65.57,64.98893,36045600,81
2018-06-11,65.442497,65.862503,65.025002,65.154999,64.577629,26537200,82
2018-06-12,65.422501,65.767502,64.915001,65.644997,65.063278,31916000,83
2018-06-13,65.660004,66.417503,65.5075,65.599998,65.018692,33820800,84
2018-06-14,66.055,67.300003,65.904999,66.727501,66.136177,43001600,85
2018-06-15,66.150002,66.870003,65.837502,66.315002,65.727341,43226000,86
2018-06-18,65.870003,66.449997,65.595001,66.272499,65.685211,35626800,87
2018-06-19,65.230003,65.910004,63.755001,65.042503,64.466133,59493200,88
2018-06-20,65.457497,66.112503,65.07,65.577499,64.996368,36978000,89
2018-06-21,65.900002,66.084999,64.199997,64.277496,63.70789,35951600,90
2018-06-22,64.487503,64.622498,62.5825,62.737499,62.181541,43416000,91
2018-06-25,61.662498,61.700001,58.884998,59.779999,59.250252,66581600,92
2018-06-26,60.924999,61.412498,59.977501,60.497501,59.961399,47888400,93
2018-06-27,60.9375,61.607498,58.875,58.93,58.40778,45389200,94
2018-06-28,58.830002,60.334999,58.752499,60.215,59.681396,33801200,95
2018-06-29,60.872501,61,59.212502,59.224998,58.700161,39230000,96
2018-07-02,58.522499,60.5975,58.314999,60.560001,60.023342,35757200,97
2018-07-03,60.91,60.970001,59.125,59.209999,58.685307,22273200,98
2018-07-05,59.767502,60.732498,59.375,60.682499,60.144745,30621600,99
2018-07-06,60.435001,61.9175,60.220001,61.8325,61.284561,29635200,100
2018-07-09,62.5825,62.68,61.517502,62.3125,61.760311,30388000,101
2018-07-10,62.4375,63.535,62.029999,63.3125,62.75145,36001600,102
2018-07-11,62.375,62.724998,61.775002,61.8825,61.334118,36750800,103
2018-07-12,62.34,63.2925,62.240002,62.807499,62.250912,34550800,104
2018-07-13,62.994999,62.994999,61.904999,62.330002,61.777657,24698800,105
2018-07-16,62.049999,62.584999,61.924999,62.049999,61.500137,19703600,106
2018-07-17,61.552502,63.575001,61.294998,63.422501,62.860474,36213600,107
2018-07-18,63.3475,63.487499,62.41,62.924999,62.367374,27764000,108
2018-07-19,62.735001,63.3475,62.5825,63.0075,62.449154,23575200,109
2018-07-20,62.982498,63.375,62.612499,62.7225,62.166672,22235200,110
2018-07-23,62.455002,62.4725,60.82,62.352501,61.79995,30158400,111
2018-07-24,62.837502,63.712502,62,62.177502,61.626507,35462000,112
2018-07-25,62.272499,63.095001,61.6875,62.967499,62.409512,31911200,113
2018-07-26,62.764999,64.082497,62.595001,63.709999,63.145428,32512400,114
2018-07-27,64.080002,64.150002,62.459999,63.005001,62.446674,29542000,115
2018-07-30,63.147499,63.2075,60.68,61.032501,60.491653,34034000,116
2018-07-31,60.927502,61.970001,60.535,61.215,60.672531,28398800,117
2018-08-01,61.532501,62.09,60.9725,61.6175,61.071468,28355600,118
2018-08-02,60.897499,62.695,60.302502,62.654999,62.09977,26966800,119
2018-08-03,62.9025,63.264999,62.732498,63.025002,62.466496,21428800,120
2018-08-06,62.897499,63.5425,62.427502,63.5075,62.944714,20750800,121
2018-08-07,64,64.425003,63.73,64.237503,63.668251,25813200,122
2018-08-08,64.25,65.059998,63.897499,64.605003,64.032486,26210000,123
2018-08-09,64.785004,64.8125,64.037498,64.114998,63.546833,20428000,124
2018-08-10,63.287498,64.025002,63.174999,63.697498,63.13303,25639600,125
2018-08-13,63.785,65.25,63.767502,64.029999,63.462597,37520800,126
2018-08-14,65.095001,65.5,64.254997,65.357498,64.778328,46622000,127
2018-08-15,65.567497,65.910004,63.974998,64.769997,64.19603,59113600,128
2018-08-16,65.474998,65.5,63.752499,64.360001,63.789661,80126000,129
2018-08-17,63.235001,63.2425,60.932499,61.205002,60.662624,114318800,130
2018-08-20,60.794998,63.299999,59.68,61.959999,61.410934,85438800,131
2018-08-21,62.125,63.375,61.924999,63.330002,62.768795,67398800,132
2018-08-22,63,65.754997,62.965,65.705002,65.122734,74985600,133
2018-08-23,65.315002,67.370003,65.175003,66.709999,66.118828,72068400,134
2018-08-24,66.794998,68.202499,66.75,68.055,67.451912,53151200,135
2018-08-27,68.355003,69.724998,68.037498,68.974998,68.36377,50577600,136
2018-08-28,68.915001,69.144997,67.3825,68.595001,67.987129,47538400,137
2018-08-29,68.480003,69.875,68.269997,69.622498,69.043282,42010800,138
2018-08-30,69.307503,70.43,69.080002,69.452499,68.874695,34660800,139
2018-08-31,69.25,70.300003,69.150002,70.169998,69.586227,30659200,140
2018-09-04,70.037498,71.305,69.75,70.925003,70.334953,39172000,141
2018-09-05,70.747498,71.105003,68.787498,69.605003,69.025932,39315600,142
2018-09-06,69.440002,69.464996,67.847504,68.18,67.612778,32279600,143
2018-09-07,67.25,69.232498,66.797501,67.964996,67.399567,29542000,144
2018-09-10,68.192497,68.982498,67.75,68.682503,68.111092,22014000,145
2018-09-11,68.214996,69.099998,68.004997,68.199997,67.632607,24311200,146
2018-09-12,67.797501,67.995003,65.480003,67.050003,66.492172,41909200,147
2018-09-13,67.714996,68.75,67.540001,67.834999,67.270645,30553600,148
2018-09-14,68.747498,69.775002,68.375,69.107498,68.532562,38693600,149
2018-09-17,68.849998,69.345001,68.287498,68.482498,67.912766,20552800,150
2018-09-18,68.522499,69.559998,67.6875,67.754997,67.191307,29952000,151
2018-09-19,67.567497,68.175003,67.0625,67.995003,67.429321,22486000,152
2018-09-20,66.762497,67.190002,66.025002,66.57,66.016159,43058400,153
2018-09-21,66.690002,67.150002,65.527496,65.862503,65.314575,43512800,154
2018-09-24,65.550003,66.459999,64.669998,66.425003,65.872391,29391200,155
2018-09-25,67.092499,67.355003,66.227501,67.102501,66.544266,28038800,156
2018-09-26,67.152496,67.559998,66.57,66.730003,66.174835,26854800,157
2018-09-27,67.084999,67.300003,66.532501,66.849998,66.293831,21442800,158
2018-09-28,68.182503,70.480003,67.900002,70.254997,69.670517,70939600,159
2018-10-01,71.040001,73.014999,70.650002,72.339996,71.738167,62206000,160
2018-10-02,72.0625,73.190002,71.394997,71.620003,71.024155,38396400,161
2018-10-03,72.330002,72.404999,70.6325,71.682503,71.086128,32055200,162
2018-10-04,71.317497,71.5625,69.044998,69.822502,69.241623,39122000,163
2018-10-05,69.572502,70.199997,66.885002,67.464996,66.90374,42663600,164
2018-10-08,66.625,67.790001,65.019997,66.442497,65.889725,40861200,165
2018-10-09,66.235001,67.190002,65.699997,66.385002,65.832718,27350000,166
2018-10-10,65.315002,65.777496,61.400002,61.422501,60.911495,68494000,167
2018-10-11,60.5425,61.889999,58.564999,58.782501,58.293457,72543600,168
2018-10-12,61.377499,62.384998,59.912498,61.634998,61.122223,60823600,169
2018-10-15,61.5,61.5,58.834999,58.845001,58.355442,44976000,170
2018-10-16,59.982498,61.57,59.485001,61.4575,60.946201,40871200,171
2018-10-17,62.084999,62.470001,60.27,60.764999,60.259468,32966800,172
2018-10-18,61.465,61.852501,59.272499,59.8825,59.384308,52402000,173
2018-10-19,60.439999,60.637501,56.924999,57.2925,56.815853,61360800,174
2018-10-22,57.82,58.830002,56.767502,57.805,57.324104,36884400,175
2018-10-23,55.107498,56.047501,54.177502,55.264999,54.805225,62643600,176
2018-10-24,54.877499,55.3475,49.712502,49.852501,49.437756,88428800,177
2018-10-25,48.8675,52.4375,48.419998,51.959999,51.527718,95172000,178
2018-10-26,49.577499,51.209999,48.279999,49.572498,49.16008,66478400,179
2018-10-29,50.997501,51.032501,44.002499,46.404999,46.018932,75801600,180
2018-10-30,46.637501,50.849998,46.404999,50.75,50.327785,80719200,181
2018-10-31,52.412498,53.147499,51.002499,52.7075,52.269001,74577200,182
2018-11-01,53.075001,54.622501,51.797501,54.5275,54.07386,56652800,183
2018-11-02,54.432499,55.5,52.552502,53.73,53.28299,45296000,184
2018-11-05,53.5975,53.8325,51.32,52.942501,52.502048,37933200,185
2018-11-06,52.862499,53.712502,52.389999,52.764999,52.326019,29901200,186
2018-11-07,53.4375,54.352501,52.794998,53.447498,53.002838,48381200,187
2018-11-08,52.849998,52.857498,50.9575,51.497501,51.069065,51135200,188
2018-11-09,50.599998,52.330002,50.259998,51.4175,50.989731,41324000,189
2018-11-12,50.494999,50.717499,47.165001,47.384998,46.990784,61711600,190
2018-11-13,48.372501,51.052502,48.310001,49.827499,49.412956,64471200,191
2018-11-14,51.575001,51.720001,48.2075,49.297501,48.887375,52658000,192
2018-11-15,49.237499,51.325001,48.875,50.5975,50.176556,84070800,193
2018-11-16,40.830002,42.665001,40.4025,41.107498,40.765503,196352000,194
2018-11-19,40.447498,40.455002,36.157501,36.174999,35.874043,169782000,195
2018-11-20,33.514999,38.564999,33.327499,37.27,36.959934,169203200,196
2018-11-21,38.654999,38.825001,35.9025,36.177502,35.876526,102549600,197
2018-11-23,35.827499,37.397499,35.697498,36.25,35.948418,41196800,198
2018-11-26,37.4725,38.3675,36.639999,38.262501,37.94418,81483200,199
2018-11-27,38,39.252499,37.637501,38.432499,38.112766,73806000,200
2018-11-28,39.619999,40.07,38.282501,40.017502,39.68457,80452400,201
2018-11-29,40,40.375,39.035,39.34,39.051746,54917200,202
2018-11-30,39.4375,40.965,38.93,40.857498,40.558121,72956400,203
2018-12-03,43.150002,43.669998,41.834999,42.509998,42.198513,89080400,204
2018-12-04,42.060001,42.110001,39.125,39.2775,38.989704,81211200,205
2018-12-06,37.860001,39.622501,37.702499,39.572498,39.282532,69230800,206
2018-12-07,39.615002,39.717499,36.404999,36.9025,36.632107,68167600,207
2018-12-10,36.450001,38.215,36.412498,37.965,37.686821,62947200,208
2018-12-11,38.889999,38.9725,36.25,37.047501,36.776047,67191200,209
2018-12-12,37.105,38.195,36.205002,37.224998,36.95224,65413600,210
2018-12-13,37.697498,38.345001,36.860001,37.2225,36.949757,47138400,211
2018-12-14,36.802502,37.647499,36.375,36.612499,36.344234,47182000,212
2018-12-17,36.310001,37.037498,35.310001,35.895,35.631992,66286800,213
2018-12-18,36.337502,37.5825,36.0625,36.735001,36.465836,56437200,214
2018-12-19,36.395,36.935001,34.107498,34.627499,34.373775,74536400,215
2018-12-20,34.5425,35.450001,33.172501,33.775002,33.527527,74958800,216
2018-12-21,34.0425,34.375,32.115002,32.392502,32.155151,86374000,217
2018-12-24,31.622499,32.494999,31.125,31.77,31.53721,46384000,218
2018-12-26,32.235001,33.285,31.115,33.275002,33.031185,69510000,219
2018-12-27,32.747501,33.095001,31.295,32.7925,32.552219,63704400,220
2018-12-28,33,34.3475,32.577499,33.412498,33.167675,62872800,221
2018-12-31,33.849998,34.177502,33.064999,33.375,33.130444,46514000,222
2019-01-02,32.66,34.619999,32.512501,34.055,33.805473,50875200,223
2019-01-03,33.447498,33.790001,31.922501,31.997499,31.763046,70555200,224
2019-01-04,32.735001,34.432499,32.424999,34.047501,33.798019,58562000,225
2019-01-07,34.625,36.2225,34.107498,35.849998,35.587315,70916000,226
2019-01-08,36.672501,36.695,34.224998,34.9575,34.701359,78601600,227
2019-01-09,35.474998,36.122501,34.965,35.645,35.38382,61726000,228
2019-01-10,35.450001,36.395,34.84,36.307499,36.041462,52315600,229
2019-01-11,36.0825,37.4375,35.802502,37.2075,36.934868,87476400,230
2019-01-14,36.68,37.865002,36.442501,37.610001,37.334423,73016800,231
2019-01-15,37.939999,38.337502,37.282501,37.467499,37.192955,61701200,232
2019-01-16,37.7425,38.075001,37.154999,37.209999,36.937351,47010400,233
2019-01-17,36.877499,38.3325,36.602501,37.93,37.652077,49343600,234
2019-01-18,38.432499,39.494999,37.912498,39.232498,38.945034,65133600,235
2019-01-22,38.927502,39.044998,36.887501,37.192501,36.919979,66155200,236
2019-01-23,37.75,38.645,37.0075,37.322498,37.049034,59102000,237
2019-01-24,38.174999,39.637501,38.127499,39.459999,39.17086,70897200,238
2019-01-25,38.860001,40.220001,37.825001,40.037498,39.744144,115457200,239
2019-01-28,34.137501,35.41,32.75,34.502499,34.249691,251152800,240
2019-01-29,34.037498,34.525002,32.752499,32.900002,32.658939,115393200,241
2019-01-30,33.6675,34.4925,32.865002,34.3475,34.095825,97422800,242
2019-01-31,34.314999,36.297501,34.095001,35.9375,35.674175,84285200,243
2019-02-01,36.125,36.697498,35.645,36.182499,35.917381,62504800,244
2019-02-04,36.342499,37.669998,36.119999,37.294998,37.021729,52859200,245
2019-02-05,37.415001,37.857498,37.075001,37.487499,37.212822,54242400,246
2019-02-06,37.822498,38.900002,37.767502,38.25,37.969734,70246400,247
2019-02-07,37.782501,37.805,36.422501,36.855,36.584957,63712000,248
2019-02-08,36.177502,37.150002,36.032501,37.0425,36.771076,46160400,249
2019-02-11,36.5975,37.145,36.125,36.612499,36.344234,49518000,250
2019-02-12,37,37.950001,36.855,37.7925,37.515583,59106000,251
2019-02-13,38.09,38.9575,37.952499,38.220001,37.939949,60537200,252
2019-02-14,38.209999,38.9175,37.775002,38.6325,38.34943,82726400,253
2019-02-15,40.737499,40.967499,39.105,39.334999,39.046783,151674800,254
2019-02-19,39.227501,39.9725,39.035,39.16,38.873074,55189200,255
2019-02-20,39.455002,40.314999,39.342499,39.637501,39.347057,54098800,256
2019-02-21,39.764999,40.012501,38.794998,38.942501,38.657158,44854800,257
2019-02-22,39.465,39.987499,39.327499,39.797501,39.505898,40174000,258
2019-02-25,40.639999,41.32,39.584999,39.672501,39.381809,65602000,259
2019-02-26,39.625,40.189999,38.9375,39.275002,38.987217,48846400,260
2019-02-27,39.130001,39.397499,38.2775,38.852501,38.567814,50025600,261
2019-02-28,38.75,38.974998,38.34,38.564999,38.321877,32494400,262
2019-03-01,39.067501,39.537498,38.48,39.112499,38.865921,35718800,263
2019-03-04,39.5,39.73,38.625,39.195,38.947906,40999200,264
2019-03-05,39.037498,39.514999,38.490002,39.130001,38.883316,36292400,265
2019-03-06,39.040001,39.125,37.985001,38.012501,37.772865,40352400,266
2019-03-07,37.775002,37.872501,36.849998,37.314999,37.07975,45010400,267
2019-03-08,36.415001,37.767502,36.200001,37.66,37.422581,42241600,268
2019-03-11,37.897499,40.514999,37.422501,40.285,40.031021,85972800,269
2019-03-12,40.564999,41.0975,39.797501,40.630001,40.373852,57957600,270
2019-03-13,41.0075,42.450001,40.932499,42.154999,41.889248,76890000,271
2019-03-14,42.247501,42.3675,41.3125,41.389999,41.12907,51938400,272
2019-03-15,41.825001,42.8825,41.790001,42.452499,42.184864,66148400,273
2019-03-18,42.77,43.3125,41.965,42.237499,41.971222,48699200,274
2019-03-19,43.189999,44.375,43.02,43.927502,43.650578,85497200,275
2019-03-20,44.220001,44.7575,43.25,43.599998,43.325134,71914800,276
2019-03-21,43.8325,46.25,43.782501,45.985001,45.695095,82431200,277
2019-03-22,45.709999,46.200001,44.235001,44.375,44.095253,74764400,278
2019-03-25,43.965,44.612499,42.7775,43.445,43.171116,52521200,279
2019-03-26,44.872501,45.4375,43.650002,44.217499,43.938736,70350800,280
2019-03-27,44.474998,44.942501,43.424999,44.125,43.846825,47437200,281
2019-03-28,44.387501,44.974998,43.7775,44.3125,44.033154,48026400,282
2019-03-29,44.985001,45.134998,44.477501,44.889999,44.607002,45689600,283
2019-04-01,45.814999,45.875,45.092499,45.57,45.282719,48382400,284
2019-04-02,45.8125,46.197498,45.380001,45.75,45.461582,44092000,285
2019-04-03,46.25,47.75,46.200001,47.154999,46.857727,78350400,286
2019-04-04,47,47.4925,46.432499,47.064999,46.768295,45737600,287
2019-04-05,47.5,47.912498,47.1325,47.737499,47.43655,48174400,288
2019-04-08,47.43,48.200001,47.1875,47.947498,47.645233,42419200,289
2019-04-09,47.610001,47.7225,46.889999,47.314999,47.016716,43997200,290
2019-04-10,47.307499,48.285,47.262501,48.025002,47.722244,44477200,291
2019-04-11,48.049999,48.3675,47.387501,47.884998,47.58313,37460000,292
2019-04-12,48.275002,48.314999,47.415001,47.502499,47.203037,47170800,293
2019-04-15,47.424999,47.474998,45.775002,46.174999,45.883904,44009200,294
2019-04-16,46.57,47.2425,46.240002,47.052502,46.755871,39496400,295
2019-04-17,47.404999,47.615002,46.5975,46.822498,46.527325,35100400,296
2019-04-18,46.889999,47.232498,46.294998,46.575001,46.281384,38098800,297
2019-04-22,46.337502,47.275002,46.02,47.1175,46.820465,27993600,298
2019-04-23,47.25,47.982498,47.1525,47.6675,47.366997,34685600,299
2019-04-24,47.772499,48.202499,47.16,47.7925,47.491211,31820400,300
2019-04-25,47.387501,47.612499,45.924999,46.727501,46.432919,49929600,301
2019-04-26,45.177502,45.2225,43.325001,44.522499,44.241829,86898800,302
2019-04-29,44.602501,45.112499,43.875,44.8325,44.549877,39192000,303
2019-04-30,44.5075,45.5075,44.314999,45.25,44.964733,36292000,304
2019-05-01,45.7775,46.202499,45.115002,45.1175,44.833076,35428000,305
2019-05-02,45.215,46.217499,44.779999,45.797501,45.508781,39468400,306
2019-05-03,45.8825,45.982498,45.1325,45.752499,45.464066,33682400,307
2019-05-06,43.875,45.084999,43.5,44.962502,44.679058,42217600,308
2019-05-07,44.474998,44.474998,42.7925,43.2775,43.004669,55522000,309
2019-05-08,43,44.287498,42.880001,43.48,43.205887,41916800,310
2019-05-09,42.785,42.8825,41.349998,42.547501,42.279282,66024800,311
2019-05-10,42.237499,42.897499,41,42.205002,41.938934,56950000,312
2019-05-13,40.875,41.107498,39.452499,39.612499,39.362778,65691200,313
2019-05-14,40.012501,40.865002,39.622501,40.509998,40.254612,52488000,314
2019-05-15,39.950001,40.262501,39.352501,39.895,39.643494,50232000,315
2019-05-16,39.84,40.477501,39.412498,40.047501,39.795036,78108800,316
2019-05-17,39.625,40.927502,38.735001,39.1325,38.885799,102206800,317
2019-05-20,38.137501,38.692501,37.6875,37.9375,37.698334,57206400,318
2019-05-21,38.549999,38.924999,38.16,38.764999,38.520615,36184800,319
2019-05-22,38.375,38.637501,37.939999,38.049999,37.810127,32586800,320
2019-05-23,37.422501,37.422501,36.227501,36.830002,36.597828,59184400,321
2019-05-24,37.02,37.375,36.220001,36.287498,36.058739,35758400,322
2019-05-28,36.465,36.794998,35.8125,35.8325,35.606602,42835600,323
2019-05-29,35.352501,35.705002,34.735001,35.084999,34.863819,55980000,324
2019-05-30,35.077499,35.4375,34.392502,34.7775,34.597706,39430000,325
2019-05-31,34.285,34.962502,33.8475,33.865002,33.68993,38972000,326
2019-06-03,33.977501,34.3675,33.150002,33.445,33.272087,47864400,327
2019-06-04,34.09,35.802502,33.8675,35.75,35.565178,64183600,328
2019-06-05,36.4925,36.547501,34.955002,35.32,35.137405,51161600,329
2019-06-06,35.362499,36.192501,35.337502,35.945,35.759171,40814000,330
2019-06-07,36.005001,36.720001,35.8125,36.375,36.186943,34885600,331
2019-06-10,36.939999,37.797501,36.939999,37.107498,36.915653,40278000,332
2019-06-11,37.709999,38.09,37.290001,37.6875,37.492657,38387200,333
2019-06-12,37.25,37.3125,36.397499,36.549999,36.361034,35889200,334
2019-06-13,36.772499,37.25,36.595001,37.064999,36.873375,30808000,335
2019-06-14,36.127499,36.372501,35.709999,36.16,35.973057,39442800,336
2019-06-17,36.142502,36.630001,35.912498,36.2575,36.070045,27604000,337
2019-06-18,36.875,38.7775,36.764999,38.220001,38.022411,58192000,338
2019-06-19,38.575001,38.689999,38.017502,38.279999,38.082096,33164400,339
2019-06-20,39.192501,39.3325,38.380001,38.525002,38.325836,35016800,340
2019-06-21,38.375,38.869999,37.875,37.939999,37.743855,43442800,341
2019-06-24,38.154999,38.462502,37.68,38.165001,37.967693,28294800,342
2019-06-25,38.215,38.970001,37.842499,37.869999,37.67421,31186800,343
2019-06-26,39.1525,40.43,39.022499,39.814999,39.609154,58407200,344
2019-06-27,40.677502,41,40.314999,40.807499,40.596519,44544000,345
2019-06-28,41.25,41.342499,40.587502,41.057499,40.845238,39766800,346
2019-07-01,43.142502,43.487499,41.165001,41.5425,41.327728,70975600,347
2019-07-02,41.375,41.587502,40.424999,40.557499,40.347816,40022800,348
2019-07-03,40.7925,40.849998,40.084999,40.6875,40.47715,24663600,349
2019-07-05,40.099998,40.145,39.419998,40.057499,39.850395,39655200,350
2019-07-08,39.4575,39.647499,39,39.302502,39.099308,32978800,351
2019-07-09,38.877499,39.610001,38.75,39.327499,39.12418,34286000,352
2019-07-10,39.764999,40.592499,39.625,40.014999,39.808132,45207600,353
2019-07-11,40.75,41.98,40.375,41.57,41.355091,68256000,354
2019-07-12,41.849998,42.6175,41.849998,41.9025,41.685867,50639200,355
2019-07-15,42.115002,42.2775,41.532501,41.817501,41.601307,28984000,356
2019-07-16,41.6675,42.0425,41.209999,41.77,41.554047,34144400,357
2019-07-17,41.787498,42.497501,41.4925,42.427502,42.208145,34820400,358
2019-07-18,42.532501,43.177502,41.962502,42.544998,42.325039,44219200,359
2019-07-19,42.93,42.994999,42.049999,42.110001,41.892292,34489600,360
2019-07-22,42.325001,42.959999,42.25,42.830002,42.608566,31594000,361
2019-07-23,43.224998,43.935001,43.067501,43.915001,43.687965,42817600,362
2019-07-24,44.349998,44.7225,43.584999,44.665001,44.434082,36623600,363
2019-07-25,44.247501,44.375,43.110001,43.345001,43.120907,39270000,364
2019-07-26,43.6175,44.237499,43.6175,43.767502,43.541225,27416000,365
2019-07-29,43.695,43.8675,42.817501,43.705002,43.47905,24816000,366
2019-07-30,43.237499,43.985001,43.092499,43.862499,43.635738,19777200,367
2019-07-31,43.544998,43.555,41.755001,42.18,41.961929,35941600,368
2019-08-01,42.285,43.195,40.705002,41.23,41.016842,42121200,369
2019-08-02,40.297501,40.994999,39.82,40.297501,40.089157,42834800,370
2019-08-05,38.450001,38.462502,37.224998,37.697498,37.502605,58915600,371
2019-08-06,38.450001,38.907501,37.607498,38.087502,37.890591,36127200,372
2019-08-07,37.474998,38.592499,37.299999,38.4725,38.273602,37256000,373
2019-08-08,39.052502,39.577499,38.474998,39.564999,39.360451,30930000,374
2019-08-09,39.1525,39.1875,38.037498,38.544998,38.345715,34181600,375
2019-08-12,38.02,38.544998,37.642502,37.862499,37.666748,27920000,376
2019-08-13,37.8475,39.474998,37.455002,39.012501,38.810802,35195600,377
2019-08-14,38.125,38.237499,37.077499,37.517502,37.323536,41988000,378
2019-08-15,37.7075,37.907501,36.8475,37.192501,37.000221,47720000,379
2019-08-16,39.837502,40.384998,39.220001,39.889999,39.683765,100796000,380
2019-08-19,41.029999,42.855,40.8675,42.695,42.474266,81511200,381
2019-08-20,42.639999,42.645,41.755001,41.967499,41.750523,46318800,382
2019-08-21,42.6325,43.362499,42.415001,42.807499,42.586189,42724400,383
2019-08-22,42.904999,43.3325,42.474998,42.869999,42.648357,30348800,384
2019-08-23,42.099998,42.647499,40.41,40.610001,40.400043,56805600,385
2019-08-26,41.4025,41.645,40.977501,41.362499,41.148655,31820800,386
2019-08-27,41.747501,41.775002,40.154999,40.450001,40.240883,29096800,387
2019-08-28,40.145,40.834999,39.75,40.305,40.136318,25561200,388
2019-08-29,41.224998,42.075001,41.189999,41.75,41.575275,35797600,389
2019-08-30,42.215,42.715,41.695,41.877499,41.702244,29061600,390
2019-09-03,41.145,41.477501,40.8125,41.0425,40.870731,29614000,391
2019-09-04,41.6525,42.264999,41.6525,42.189999,42.013424,22772800,392
2019-09-05,43.217499,44.997501,43.200001,44.935001,44.746941,69567600,393
2019-09-06,44.700001,45.272499,44.279999,44.662498,44.475574,37697600,394
2019-09-09,44.974998,45.994999,44.959999,45.125,44.936142,41752400,395
2019-09-10,44.794998,46.0625,44.697498,45.794998,45.603336,35281200,396
2019-09-11,45.942501,46.567501,45.650002,46.0825,45.889633,36151200,397
2019-09-12,46.549999,47.099998,45.987499,46.067501,45.874695,32784000,398
2019-09-13,45.397499,45.77,45.044998,45.485001,45.294636,32459200,399
2019-09-16,44.73,45.400002,44.625,45.052502,44.863941,23183200,400
2019-09-17,45.119999,45.310001,44.6525,45.267502,45.078045,22304800,401
2019-09-18,45.197498,45.355,44.125,44.994999,44.80669,25815200,402
2019-09-19,45.055,45.240002,44.127499,44.235001,44.049873,24547600,403
2019-09-20,44.224998,44.462502,43.07,43.172501,42.991814,35024400,404
2019-09-23,43.174999,44.1675,43.137501,43.709999,43.527061,24971200,405
2019-09-24,44.025002,44.322498,42.775002,43.1325,42.951981,31726800,406
2019-09-25,43.127499,44.755001,42.677502,44.557499,44.371014,30843200,407
2019-09-26,44.459999,44.547501,43.822498,44.334999,44.149445,23456400,408
2019-09-27,43.915001,44.424999,42.330002,42.939999,42.760288,36205600,409
2019-09-30,43.200001,43.619999,42.884998,43.517502,43.335369,18618400,410
2019-10-01,43.75,45.25,43.452499,43.5,43.317944,36600800,411
2019-10-02,43.279999,43.400002,42.532501,43.259998,43.078941,29337200,412
2019-10-03,43.305,45.389999,43,45.327499,45.137794,45058800,413
2019-10-04,45.349998,45.787498,44.695,45.4925,45.302101,26552400,414
2019-10-07,46.145,47.084999,46.057499,46.0825,45.889633,48098400,415
2019-10-08,45.16,45.16,44.125,44.307499,44.122066,44443600,416
2019-10-09,45.080002,45.674999,44.790001,45.177502,44.988419,29241200,417
2019-10-10,45.154999,46.27,45.102501,45.7575,45.565998,30912400,418
2019-10-11,46.602501,47.334999,46.412498,46.497501,46.302906,44640400,419
2019-10-14,46.41,46.842499,46.0975,46.6325,46.437332,20004000,420
2019-10-15,47.540001,49.822498,47.400002,49.092499,48.887032,66412400,421
2019-10-16,48.75,49.805,48.4375,48.552502,48.3493,42894400,422
2019-10-17,49,49.452499,48.025002,48.572498,48.369221,26343600,423
2019-10-18,48.577499,48.904999,46.875,47.622501,47.423195,30744000,424
2019-10-21,48.240002,49.137501,48.049999,49.002499,48.797409,26186800,425
2019-10-22,49.575001,50.6325,48.825001,48.9025,48.697826,32872000,426
2019-10-23,48.077499,48.915001,47.7575,48.772499,48.568375,27991600,427
2019-10-24,49.1875,49.552502,48.845001,49.215,49.009022,23202000,428
2019-10-25,50.025002,51.345001,49.947498,51.134998,50.92099,42309200,429
2019-10-28,51.575001,52.224998,51.279999,51.697498,51.481136,33079200,430
2019-10-29,51.557499,51.622501,50.535,50.73,50.517685,21123600,431
2019-10-30,51,51.057499,50.064999,50.75,50.537605,20596000,432
2019-10-31,50.540001,50.75,49.452499,50.255001,50.044678,20973200,433
2019-11-01,49.900002,50.9725,49.647499,50.647499,50.435524,28364000,434
2019-11-04,51.462502,52.75,51.23,52.625,52.404758,37671600,435
2019-11-05,52.622501,52.884998,51.919998,52.4025,52.183182,30086800,436
2019-11-06,52.16,52.4175,51.0275,51.907501,51.690258,26901200,437
2019-11-07,52.7775,52.924999,51.634998,52.084999,51.867016,28034000,438
2019-11-08,51.915001,52.262501,51.537498,51.945,51.727596,18910000,439
2019-11-11,51.9375,52.2775,51.07,52.044998,51.827168,24343600,440
2019-11-12,52.43,52.965,52.077499,52.4025,52.183182,28350400,441
2019-11-13,52.087502,52.365002,51.474998,52.142502,51.924274,30018800,442
2019-11-14,52.232498,52.470001,51.630001,52.447498,52.227993,51808000,443
2019-11-15,52.424999,52.945,50.16,51.047501,50.833858,105362800,444
2019-11-18,50.9725,53.337502,50.942501,53.07,52.847889,57458800,445
2019-11-19,52.7575,52.994999,51.412498,51.997501,51.779884,41456400,446
2019-11-20,51.767502,53.637501,51.639999,52.794998,52.574043,47258800,447
2019-11-21,52.75,53.310001,52.327499,52.544998,52.325081,28838800,448
2019-11-22,52.772499,53.240002,52.485001,52.7225,52.501842,22410000,449
2019-11-25,54.009998,55.352501,53.880001,55.302502,55.071049,50647600,450
2019-11-26,55.125,55.172501,54.185001,54.25,54.022953,38524400,451
2019-11-27,54.6675,55.012501,54.294998,54.560001,54.37175,21578400,452
2019-11-29,54.25,54.535,53.945,54.185001,53.998051,14155600,453
2019-12-02,54.115002,54.25,52.16,52.3125,52.131996,37203600,454
2019-12-03,50.467499,51.955002,50.092499,51.915001,51.73587,46523200,455
2019-12-04,52.755001,52.98,52.067501,52.355,52.174347,27342400,456
2019-12-05,52.575001,52.732498,51.877499,52.185001,52.004936,18488400,457
2019-12-06,52.880001,53.372501,52.779999,53.0425,52.859478,23223600,458
2019-12-09,52.8125,53.592499,52.724998,53.0425,52.859478,21188000,459
2019-12-10,53.345001,54.014999,52.814999,53.494999,53.310413,25638800,460
2019-12-11,53.599998,54.389999,53.575001,54.334999,54.147522,23379600,461
2019-12-12,54.044998,56.200001,53.955002,56.017502,55.824215,40434800,462
2019-12-13,56.047501,57.244999,55.455002,55.997501,55.804287,45470400,463
2019-12-16,56.474998,57.014999,56.192501,56.287498,56.093277,32097600,464
2019-12-17,56.474998,57.299999,56.380001,57.072498,56.875568,32119600,465
2019-12-18,57.422501,57.985001,57.337502,57.377499,57.17952,34354800,466
2019-12-19,57.724998,59,57.674999,58.865002,58.661892,44536000,467
2019-12-20,59.532501,60.0975,59.34,59.842499,59.636017,60304400,468
2019-12-23,60.130001,60.452499,59.5975,59.705002,59.498997,35506000,469
2019-12-24,59.549999,59.827499,59.205002,59.654999,59.449165,13886400,470
2019-12-26,59.689999,60.080002,59.5,59.797501,59.591175,18285200,471
2019-12-27,59.950001,60.084999,58.952499,59.217499,59.013172,25464400,472
2019-12-30,58.997501,59.049999,57.764999,58.080002,57.879597,25805600,473
2019-12-31,57.724998,58.919998,57.532501,58.825001,58.622028,23100400,474
2020-01-02,59.6875,59.977501,59.18,59.977501,59.77055,23753600,475
2020-01-03,58.775002,59.4575,58.525002,59.017502,58.813869,20538400,476
2020-01-06,58.080002,59.317501,57.817501,59.264999,59.060505,26263600,477
2020-01-07,59.549999,60.442501,59.0975,59.982498,59.775532,31485600,478
2020-01-08,59.939999,60.509998,59.537498,60.095001,59.88765,27710800,479
2020-01-09,60.962502,61.482498,60.215,60.755001,60.545364,25511200,480
2020-01-10,61.8325,62.137501,60.9375,61.080002,60.869251,31629600,481
2020-01-13,61.915001,63.247501,61.6875,62.994999,62.777637,31984000,482
2020-01-14,62.564999,62.82,61.6875,61.82,61.606689,35908800,483
2020-01-15,61.947498,62.172501,61.1325,61.392502,61.180672,26310400,484
2020-01-16,61.93,62.2925,61.695,62.232498,62.017776,28419200,485
2020-01-17,62.424999,62.5,61.842499,62.32,62.104969,25379200,486
2020-01-21,61.952499,62.322498,61.642502,61.985001,61.771122,21791600,487
2020-01-22,62.439999,63.397499,62.25,62.5275,62.311749,23924000,488
2020-01-23,62.93,63.299999,62.037498,63.215,62.996883,24451600,489
2020-01-24,64.375,64.875,62.075001,62.619999,62.403927,37351200,490
2020-01-27,59.560001,60.5625,58.057499,60.049999,59.8428,47053600,491
2020-01-28,60.712502,62.317501,60.177502,61.9925,61.778599,31097600,492
2020-01-29,61.8475,62.209999,60.985001,61.384998,61.173187,25884800,493
2020-01-30,60.4025,61.587502,59.849998,61.452499,61.240459,29050400,494
2020-01-31,60.9925,61.112499,58.6875,59.107498,58.903557,37042000,495
2020-02-03,58.924999,60.2775,58.862499,60.0825,59.875187,25556400,496
2020-02-04,61.5075,61.974998,61.005001,61.782501,61.569328,27154400,497
2020-02-05,62.997501,63.099998,61.852501,62.689999,62.473698,20822000,498
2020-02-06,63.035,63.5625,62.220001,63.5625,63.343182,21828400,499
2020-02-07,63.16,63.3825,62.642502,62.897499,62.680477,18975200,500
2020-02-10,63.125,65.75,63.075001,65.7425,65.515656,52960800,501
2020-02-11,66.830002,68.125,66.207497,66.972504,66.741409,63855600,502
2020-02-12,67.502502,68.199997,67.112503,68.135002,67.899902,37464400,503
2020-02-13,67.552498,68.370003,67.277496,67.695,67.461426,52801600,504
2020-02-14,71.815002,73.7425,71.5,72.447502,72.19754,104192400,505
2020-02-18,71.410004,74.327499,71.214996,74.142502,73.886665,62016400,506
2020-02-19,75.372498,78.852501,75.372498,78.675003,78.403542,69433200,507
2020-02-20,78.192497,79.080002,74.087502,77.175003,76.908714,81005200,508
2020-02-21,76.047501,76.300003,72.665001,73.517502,73.263832,76818000,509
2020-02-24,67.547501,70.467499,67,68.32,68.084267,85691600,510
2020-02-25,69.074997,69.697502,64.489998,65.512497,65.286453,105549600,511
2020-02-26,65.514999,68.862503,65.5,66.912498,66.681625,74773200,512
2020-02-27,63.724998,66.75,62.2225,63.150002,62.969749,90641600,513
2020-02-28,60.615002,68.114998,60.447498,67.517502,67.324776,113325200,514
2020-03-02,69.224998,69.397499,65.25,69.107498,68.91024,89074400,515
2020-03-03,69.667503,70.267502,65.614998,66.472504,66.282768,65279200,516
2020-03-04,67.550003,71.222504,66.800003,71.127502,70.924484,59740800,517
2020-03-05,69.125,70.800003,67.875,68.322502,68.12748,54032800,518
2020-03-06,66.519997,67.097504,64.5,66.510002,66.32016,51541200,519
2020-03-09,59.974998,64.849998,59.544998,61.360001,61.184856,61416000,520
2020-03-10,64.135002,65.269997,61.497501,65.269997,65.083702,58064800,521
2020-03-11,63.865002,64.150002,60.642502,61.6175,61.44162,49996400,522
2020-03-12,56.365002,59.029999,53.950001,54.077499,53.923141,81654000,523
2020-03-13,57.625,60.255001,54.9025,60.209999,60.038143,63483600,524
2020-03-16,53.102501,56.525002,48.5,49.099998,48.95985,72697200,525
2020-03-17,50.227501,55.215,47.75,54.317501,54.16246,83363200,526
2020-03-18,50.025002,52.485001,45.169998,50.705002,50.560268,87426800,527
2020-03-19,50.490002,54.182499,48.3475,53.2425,53.090527,76551200,528
2020-03-20,54.75,57.580002,51.282501,51.4375,51.290676,80463600,529
2020-03-23,51.427502,54.119999,49.630001,53.172501,53.020725,64387600,530
2020-03-24,57.25,63.165001,57.012501,62.294998,62.117188,110164400,531
2020-03-25,63.450001,65.455002,60.915001,61.404999,61.229725,79343200,532
2020-03-26,63.485001,65.555,62.5,64.309998,64.126419,69610800,533
2020-03-27,62.5,65.779999,62.169998,63.182499,63.002155,63882800,534
2020-03-30,63.84,66.489998,63.397499,66.397499,66.207985,60225200,535
2020-03-31,66.800003,68.849998,64.4375,65.900002,65.711906,94996000,536
2020-04-01,63.912498,65.3825,60.32,60.767502,60.594048,65691200,537
2020-04-02,61.060001,64,60.577499,63.8675,63.685196,67576400,538
2020-04-03,63.490002,63.907501,59.5975,60.977501,60.803452,66321200,539
2020-04-06,63.810001,67.470001,63.232498,67.099998,66.908463,72788400,540
2020-04-07,69.324997,69.5625,64.324997,64.7575,64.572655,78452000,541
2020-04-08,65.852501,66.987503,65.150002,66.737503,66.547005,54244400,542
2020-04-09,68,68.230003,65.105003,65.737503,65.549873,52556400,543
2020-04-13,65.137497,67.550003,64.25,67.462502,67.269936,39840800,544
2020-04-14,68.75,71.330002,68.472504,70.987503,70.784874,53094800,545
2020-04-15,69.300003,71.042503,68.845001,70.209999,70.009598,36614800,546
2020-04-16,71.769997,74.75,71.637497,73.675003,73.464706,74562000,547
2020-04-17,74.5,74.714996,71.735001,73.080002,72.871391,53912000,548
2020-04-20,71.809998,73.375,71.317497,71.762497,71.557671,44938800,549
2020-04-21,70.577499,71.192497,66.777496,67.377502,67.185188,73516000,550
2020-04-22,69.307503,71.967499,68.849998,71.537498,71.333305,48335600,551
2020-04-23,71.959999,73.285004,70.75,71.002502,70.79982,42416000,552
2020-04-24,70.900002,72.417503,70.150002,72.397499,72.190857,35232800,553
2020-04-27,73.747498,75.875,73.5,74.269997,74.058006,47938800,554
2020-04-28,75.75,76.050003,72.785004,72.839996,72.63208,44290400,555
2020-04-29,74.192497,75.144997,73.4375,74.614998,74.402016,37916000,556
2020-04-30,74.072502,74.614998,72.93,73.07,72.861443,37591600,557
2020-05-01,71.087502,72.224998,70.209999,70.695,70.49321,34209600,558
2020-05-04,70.220001,72.959999,70.220001,72.822502,72.614632,31755600,559
2020-05-05,73.8675,75.067497,72.822502,73.434998,73.225388,36889600,560
2020-05-06,74.232498,75.5,73.852501,74.447502,74.235001,32346400,561
2020-05-07,75.845001,76.852501,75.330002,76.217499,75.999947,37373200,562
2020-05-08,76.9375,78.1875,76.597504,78.125,77.901993,33921600,563
2020-05-11,78.074997,81.125,77.787498,80.654999,80.424767,46906000,564
2020-05-12,81.235001,81.724998,77.927498,78.025002,77.802277,49306000,565
2020-05-13,79.175003,80.785004,75.947502,77.800003,77.577927,62585200,566
2020-05-14,78.417503,80.360001,76.875,80.305,80.075783,60231200,567
2020-05-15,78.897499,85.004997,78.739998,84.907501,84.665146,98766000,568
2020-05-18,87.605003,89.165001,86.805,87.502502,87.252731,77446000,569
2020-05-19,87.902496,90.875,87.627502,88.055,87.803673,71732000,570
2020-05-20,89.910004,90.43,88.887497,89.699997,89.443954,58753600,571
2020-05-21,90.514999,90.525002,87.375,87.752502,87.502029,76106800,572
2020-05-22,88.252502,90.93,87.1325,90.262497,90.004852,103876400,573
2020-05-26,91.567497,91.817497,86.720001,87.177498,86.92865,77078000,574
2020-05-27,86.25,86.327499,79.967499,85.252502,85.009148,117589200,575
2020-05-28,84.122498,87.605003,83.792503,84.870003,84.627747,73489600,576
2020-05-29,85.544998,88.754997,84.849998,88.754997,88.501656,74525600,577
2020-06-01,88.332497,88.407501,86.894997,88.0625,87.811142,38987600,578
2020-06-02,87.962502,88.372498,86.580002,88.252502,88.000587,39132000,579
2020-06-03,88.222504,88.662498,87,87.695,87.444687,36544000,580
2020-06-04,87.279999,89.432503,86.775002,87.665001,87.454666,42428000,581
2020-06-05,87.945,89.970001,87.080002,89.199997,88.98597,48174800,582
2020-06-08,88.772499,88.897499,86.857498,88.050003,87.838753,38773600,583
2020-06-09,88,91.097504,87.512497,90.459999,90.24295,46848800,584
2020-06-10,91.677498,95,91.535004,93.667503,93.442757,63218000,585
2020-06-11,91.5,92.612503,87.860001,87.962502,87.751457,58365200,586
2020-06-12,91.625,91.872498,87.032501,89.324997,89.110657,57090800,587
2020-06-15,88.152496,91.822502,87.4375,91.737503,91.517395,40000400,588
2020-06-16,92.25,92.667503,88.387497,90.684998,90.467415,53571600,589
2020-06-17,91.137497,92.989998,90.702499,92.360001,92.13839,40830400,590
2020-06-18,92.269997,92.824997,91.144997,92.18,91.958824,25440800,591
2020-06-19,92.425003,94.449997,92.272499,92.612503,92.390289,52416000,592
2020-06-22,93,95.3125,92.732498,95.267502,95.038918,39846800,593
2020-06-23,95.510002,96.425003,94.074997,94.5,94.273262,37510800,594
2020-06-24,94.762497,95.565002,91.445,92.355003,92.133408,44937200,595
2020-06-25,93.557503,95.050003,91.822502,94.900002,94.67231,37607200,596
2020-06-26,95,95,91.25,91.550003,91.330353,59208400,597
2020-06-29,91.697502,92.044998,89,92,91.779259,34224800,598
2020-06-30,93.139999,95.262497,92.665001,94.977501,94.749619,36789200,599
2020-07-01,95.207497,95.7575,94.129997,95.300003,95.071342,32664800,600
2020-07-02,96.389999,97.375,95.782501,96.122498,95.891876,36405600,601
2020-07-06,97.417503,99.087502,97.125,98.392502,98.156433,31589200,602
2020-07-07,99.462502,100.699997,98.5075,98.717499,98.480652,35780000,603
2020-07-08,99.9375,102.25,99.654999,102.160004,101.914886,36548000,604
2020-07-09,103.802498,105.699997,102.334999,105.089996,104.837852,49454800,605
2020-07-10,105.887497,106.552498,103.787498,104.792503,104.541077,49767600,606
2020-07-13,105.949997,107.922501,100.25,100.522499,100.281326,45707600,607
2020-07-14,100.75,104.027496,97.855003,103.769997,103.521027,54267600,608
2020-07-15,104.142502,104.330002,100.557503,102.272499,102.027122,40398400,609
2020-07-16,100.150002,102.067497,98.955002,101.347504,101.10434,34496400,610
2020-07-17,102.254997,102.485001,100.877502,102.014999,101.770233,26628400,611
2020-07-20,102.7425,105.3125,101.567497,105.107498,104.855309,28485200,612
2020-07-21,105.129997,105.599998,102.8675,103.285004,103.037186,27703600,613
2020-07-22,103.675003,106.025002,102.915001,104.387497,104.137039,36729200,614
2020-07-23,104.5,105.470001,100.3125,101.297501,101.054443,41166000,615
2020-07-24,98.75,103.647499,97.769997,101.945,101.700401,47329200,616
2020-07-27,102.322502,104.417503,102.177498,104.214996,103.964935,29213200,617
2020-07-28,103.7425,103.82,102.092499,102.154999,101.909889,27163600,618
2020-07-29,103.907501,105.162498,103.470001,104.654999,104.403885,28450800,619
2020-07-30,103.75,106.230003,102.952499,106.139999,105.88533,30888000,620
2020-07-31,105.6325,107.665001,104.330002,106.147499,105.89283,38608000,621
2020-08-03,107.324997,110.987503,107.152496,110.102501,109.838333,41272000,622
2020-08-04,110.5,112.277496,109.059998,112.277496,112.008087,31033600,623
2020-08-05,112.440002,113.717499,111.662498,112.8675,112.596687,24992400,624
2020-08-06,113.497498,113.580002,111.787498,113.355003,113.083031,24431600,625
2020-08-07,113.125,115.047501,110.375,111.995003,111.726295,34251600,626
2020-08-10,113.342499,114.082497,108.565002,111.650002,111.382126,42779600,627
2020-08-11,110.737503,111.3675,107.957497,108.5,108.239677,35451200,628
2020-08-12,109.907501,114.669998,109.582497,114.402496,114.128006,46441200,629
2020-08-13,115.459999,117.217499,113.557503,114.43,114.155449,37446000,630
2020-08-14,115.300003,117.047501,114.404999,115.639999,115.362534,36643600,631
2020-08-17,118.512497,124.097504,118.172501,123.370003,123.073997,62130000,632
2020-08-18,124.5,124.959999,120.862503,122.607498,122.313324,50344800,633
2020-08-19,122.964996,123.150002,120.980003,121.385002,121.09375,62262400,634
2020-08-20,119.75,123.75,118.787498,121.410004,121.118698,92138800,635
2020-08-21,122.017502,128.087494,121.952499,126.834999,126.530685,99986800,636
2020-08-24,128.837494,129.125,125.074997,127.202499,126.897285,49056400,637
2020-08-25,126.307503,127.612503,125.737503,127.5,127.194092,28907600,638
2020-08-26,127.9925,128.684998,126.777496,127.730003,127.423546,32124400,639
2020-08-27,127.815002,128.5,125.665001,126.282501,125.979523,31760400,640
2020-08-28,126.75,131.479996,126.425003,131.477493,131.162048,53716000,641
2020-08-31,131.827499,135.75,130.377502,133.744995,133.424118,50084000,642
2020-09-01,134.800003,139.9375,134.365005,138.210007,137.919647,51131600,643
2020-09-02,147.037506,147.267502,139,143.464996,143.16362,87401200,644
2020-09-03,138.287506,138.845001,128.787506,130.154999,129.881561,94512800,645
2020-09-04,127.837502,131.75,117.047501,126.224998,125.959808,146368400,646
2020-09-08,117.345001,125.5,117.042503,119.129997,118.879723,79572800,647
2020-09-09,124,128.092499,122.317497,127.150002,126.882874,73620000,648
2020-09-10,129.892502,130.652496,121.669998,123.1175,122.858849,69868400,649
2020-09-11,124.855003,126.525002,118.957497,121.644997,121.389442,63692800,650
2020-09-14,130.809998,133.149994,126.3125,128.722504,128.452087,120174400,651
2020-09-15,132.800003,132.987503,128.277496,129.910004,129.637085,72755600,652
2020-09-16,129.572495,130.927505,125.137497,125.144997,124.88208,55638400,653
2020-09-17,121.322502,125.897499,120.347504,124.635002,124.373169,79251200,654
2020-09-18,125.9375,126.324997,119.887497,121.892502,121.636421,69846000,655
2020-09-21,119.25,125.224998,119.044998,125.172501,124.909531,72104400,656
2020-09-22,125.75,126.480003,121.555,126.377502,126.112,64645200,657
2020-09-23,125.754997,127.269997,120.792503,121.237503,120.98278,64701200,658
2020-09-24,120.722504,125.695,120.139999,123.480003,123.220581,73124000,659
2020-09-25,124.474998,128.835007,122.457497,128.737503,128.467026,58801600,660
2020-09-28,130.402496,130.517502,127.5,130.350006,130.076172,57380800,661
2020-09-29,129.375,134.427505,129.332504,132.257507,131.97966,62146000,662
2020-09-30,131.574997,136.225006,131.502502,135.304993,135.020752,68918400,663
2020-10-01,137.580002,137.627502,134.607498,136.145004,135.858978,52500400,664
2020-10-02,132.25,135.195007,130.509995,130.622498,130.348099,55249600,665
2020-10-05,132.360001,136.442505,132.227493,136.425003,136.138412,47982000,666
2020-10-06,138.300003,141.419998,136.649994,137.365005,137.076416,78442000,667
2020-10-07,139.997498,141.192505,138.634995,139.639999,139.346649,41808400,668
2020-10-08,140.75,140.845001,137.580002,138.387497,138.096741,37890000,669
2020-10-09,137.669998,138.242493,136.607498,137.627502,137.338348,34689200,670
2020-10-12,139.895004,143.470001,139.125,142.259995,141.961105,43474400,671
2020-10-13,142.964996,143.485001,140.1875,142.482498,142.183167,34460400,672
2020-10-14,142.904999,143.427505,139.600006,140.952499,140.656387,27610000,673
2020-10-15,138.107498,140.057495,137.677505,139.699997,139.40654,26722400,674
2020-10-16,140.367493,141.214996,137.925003,138.115005,137.824844,24239200,675
2020-10-19,139.029999,139.835007,134.067505,134.977493,134.693924,29806800,676
2020-10-20,135.835007,137.997498,135.070007,136.455002,136.168335,22921200,677
2020-10-21,136.25,137.914993,134.774994,135.247498,134.963348,21959600,678
2020-10-22,135.225006,136.117493,132.317505,133.610001,133.3293,29048000,679
2020-10-23,134.5,135.932495,132.912506,135.902496,135.616974,23348400,680
2020-10-26,134.270004,136.927505,130.384995,131.412506,131.136414,33689600,681
2020-10-27,133.059998,134.419998,131.914993,133.967499,133.686066,25052000,682
2020-10-28,131.979996,132.600006,126.089996,126.269997,126.00473,37652000,683
2020-10-29,128.384995,131.927505,127.5,130.240005,129.966385,32008000,684
2020-10-30,128.5,129.365005,123,125.339996,125.076675,41682000,685
2020-11-02,126.577499,128.367493,123.949997,125.807503,125.543205,29965200,686
2020-11-03,127.084999,131.050003,126.027496,130.195007,129.921494,27290000,687
2020-11-04,133.892502,138.274994,133.369995,137.942505,137.652695,41022800,688
2020-11-05,141.625,143.389999,139.910004,141.600006,141.302505,31902800,689
2020-11-06,141.097504,145.887497,138.949997,145.619995,145.314072,38334800,690
2020-11-09,145.524994,146.914993,136.107498,136.307495,136.021149,58297600,691
2020-11-10,136.065002,136.065002,126.282501,127.699997,127.431717,64406800,692
2020-11-11,130.537506,134.350006,129.482498,134.179993,133.898102,40474400,693
2020-11-12,134.789993,137.660004,133.160004,134.567505,134.284821,36581200,694
2020-11-13,136.272507,136.6875,130.592499,132.970001,132.690674,34631200,695
2020-11-16,131.725006,136.494995,131.559998,135.152496,134.868546,41377600,696
2020-11-17,135.524994,135.962494,133.037506,134.222504,133.940536,31202800,697
2020-11-18,134.652496,136.057495,131.850006,134.287506,134.005386,51092400,698
2020-11-19,132.127502,134.875,131,134.402496,134.120117,56593600,699
2020-11-20,134.539993,134.945007,130.649994,130.877502,130.602554,34108800,700
2020-11-23,131.712494,133.824997,130.154999,131.399994,131.123947,36135600,701
2020-11-24,131.425003,131.619995,128.850006,129.577499,129.305298,34650000,702
2020-11-25,130.324997,132.695007,130.199997,132.347504,132.069489,25991600,703
2020-11-27,133.75,134.074997,131.705002,132.612503,132.333908,16727600,704
2020-11-30,132.649994,134.125,129.722504,134.014999,133.733444,28695200,705
2020-12-01,134.922501,135.287506,132.282501,133.899994,133.618698,29694800,706
2020-12-02,133.505005,136.735001,132.342499,135.445007,135.160477,28336000,707
2020-12-03,135.875,136.600006,133.289993,133.960007,133.718063,19952000,708
2020-12-04,134.485001,135.600006,133.887497,135.582504,135.337631,20224400,709
2020-12-07,136.012497,137.3125,135,136.067505,135.821762,22324400,710
2020-12-08,135.850006,135.987503,132.815002,133.5,133.258896,27192000,711
2020-12-09,133.005005,134.139999,128.682495,129.307495,129.073959,40130000,712
2020-12-10,128.690002,130.6875,128.494995,129.722504,129.488205,20776400,713
2020-12-11,129.672501,130.199997,128.229996,130.132507,129.897476,20926400,714
2020-12-14,130.880005,133.887497,130.774994,133.087494,132.847122,27015600,715
2020-12-15,134.397507,134.639999,131.867493,133.604996,133.363708,19301600,716
2020-12-16,134.225006,134.372498,132.125,132.425003,132.185852,22311600,717
2020-12-17,133.667496,133.794998,131.785004,133.412506,133.171555,23138400,718
2020-12-18,133.789993,134.050003,130.705002,132.720001,132.480301,34206400,719
2020-12-21,130.747498,133.699997,129.675003,133.322495,133.081711,30233200,720
2020-12-22,133.192505,133.372498,130.539993,132.782501,132.542709,18558000,721
2020-12-23,132.559998,132.75,130.050003,130.092499,129.857544,17914400,722
2020-12-24,130.372498,131.324997,129.387497,129.9375,129.702835,9788400,723
2020-12-28,130.625,130.625,127.6325,129,128.766998,21256400,724
2020-12-29,129.25,130.725006,128.422501,129.432495,129.19873,17037200,725
2020-12-30,129.902496,132.137497,128.967499,131.457504,131.220093,22539600,726
2020-12-31,131.365005,131.509995,129.149994,130.550003,130.314224,19242400,727
2021-01-04,131.042496,136.524994,129.625,131.134995,130.898163,56064000,728
2021-01-05,130.997498,134.434998,130.869995,134.047501,133.805405,32276000,729
2021-01-06,132.225006,132.449997,125.860001,126.144997,125.917183,58042400,730
2021-01-07,129.675003,133.777496,128.865005,133.440002,133.19902,46148000,731
2021-01-08,133.625,134.210007,130.419998,132.767502,132.52771,29252800,732
2021-01-11,134.1875,139.610001,133.625,136.214996,135.968964,51834400,733
2021-01-12,137.524994,137.544998,133.449997,134.847504,134.603958,29147600,734
2021-01-13,134.899994,136.25,133.850006,135.317505,135.073105,21002800,735
2021-01-14,135.75,135.997498,131.804993,132.002502,131.76413,28312000,736
2021-01-15,132.279999,133.252502,128.485001,128.595001,128.362762,27778000,737
2021-01-19,130.162506,130.940002,128.440002,130.252502,130.017258,22618800,738
2021-01-20,131.117493,134.304993,130.567505,133.657501,133.416122,25857200,739
2021-01-21,134.184998,139.992493,132.529999,138.675003,138.424545,33778000,740
2021-01-22,137.399994,138.417496,136.272507,137.125,136.87735,24682000,741
2021-01-25,137.817505,138.285004,132.365005,136.532501,136.285919,25111200,742
2021-01-26,135.804993,136.447495,133.875,134.352493,134.109848,16398000,743
2021-01-27,132.300003,132.327499,127.9375,129.177505,128.944199,37127200,744
2021-01-28,129.962494,133.397507,129.604996,130.509995,130.274277,22831600,745
2021-01-29,130.75,133.347504,129.115005,129.897507,129.662903,27155200,746
2021-02-01,130.532501,132.707504,129.027496,132.369995,132.130936,21720400,747
2021-02-02,133.987503,135.720001,132.854996,135.567505,135.322662,22044000,748
2021-02-03,136.360001,139.317505,135.164993,135.304993,135.060654,24540800,749
2021-02-04,135.309998,136.735001,133.377502,136.642502,136.395737,20134000,750
2021-02-05,137.25,137.372498,135.457504,135.910004,135.664551,16915200,751
2021-02-08,137.272507,144.737503,137.272507,144.387497,144.12674,43462400,752
2021-02-09,143.407501,145.832504,142.225006,142.632507,142.374924,28756000,753
2021-02-10,144.632507,149.050003,143.414993,147.642502,147.375854,48535200,754
2021-02-11,149.802505,152.722504,149.25,152.507507,152.232086,45082800,755
2021-02-12,150.5,152.912506,147.75,149.612503,149.342285,37475600,756
2021-02-16,150.642502,153.725006,149.5,153.302505,153.025635,32196000,757
2021-02-17,151.710007,152.235001,147.800003,149.059998,148.790787,27475600,758
2021-02-18,147.289993,148.732498,145.75,148.289993,148.022171,23386800,759
2021-02-19,150.244995,151.770004,148.467499,149.264999,148.995438,27172400,760
2021-02-22,147.747498,151.332504,143.25,143.557495,143.298218,32588400,761
2021-02-23,140.752502,142.387497,133.895004,141.419998,141.164581,39178000,762
2021-02-24,141.227493,145.067505,137.559998,144.990005,144.728149,44832000,763
2021-02-25,140.455002,143.747498,132.162506,133.074997,132.834656,82443600,764
2021-02-26,137.524994,138.544998,133.610001,137.145004,136.897308,50093200,765
2021-03-01,138.75,139.25,135.532501,138.417496,138.167511,35318400,766
2021-03-02,139,139.205002,133.960007,134.0625,133.820389,26411600,767
2021-03-03,134.262497,134.514999,127.987503,128.047501,127.816238,37759200,768
2021-03-04,128.007507,129.75,120.837502,123.702499,123.479073,57334400,769
2021-03-05,125.5,125.5,116.792503,124.614998,124.389931,54284000,770
2021-03-08,124.5,124.712502,115.665001,115.932503,115.723122,54311200,771
2021-03-09,121.302498,126.167503,120.592499,125.202499,125.019524,52182400,772
2021-03-10,128.404999,129.800003,124.574997,124.682503,124.500282,38437600,773
2021-03-11,129.5,130.462494,127.345001,129.934998,129.745117,29991600,774
2021-03-12,126.482498,128.887497,125.900002,128.559998,128.372116,24396400,775
2021-03-15,128.647507,132.067505,127.672501,131.912506,131.719742,22198800,776
2021-03-16,133.565002,135.125,131.167496,132.912506,132.718246,27212800,777
2021-03-17,130.397507,134.532501,129.895004,133.412506,133.217514,24386400,778
2021-03-18,131.365005,131.839996,127.169998,127.224998,127.03907,29389600,779
2021-03-19,127.5,129.214996,126.125,128.457504,128.26976,29920800,780
2021-03-22,129.127502,133.945007,129.067505,131.862503,131.669785,29780400,781
2021-03-23,132.542496,133.445007,130.212494,130.707504,130.516479,22204800,782
2021-03-24,131.512497,131.592499,126.3675,126.43,126.245224,24584000,783
2021-03-25,124.995003,127.147499,122.720001,125.352501,125.169312,29514400,784
2021-03-26,125.544998,128.5625,123.735001,128.392502,128.204865,36396800,785
2021-03-29,128.202499,130.625,127,129.482498,129.293259,27352000,786
2021-03-30,128.419998,129.752502,127.050003,128.717499,128.529373,20020400,787
2021-03-31,130.154999,134.705002,129.824997,133.482498,133.287399,31477600,788
2021-04-01,135.722504,138.699997,135.112503,138.117493,137.915634,30827600,789
2021-04-05,138.675003,140.139999,137.330002,139.875,139.670578,25567200,790
2021-04-06,139.997498,140.542496,137.735001,138.615005,138.412399,19174400,791
2021-04-07,138.807495,142.434998,137.115005,141.434998,141.228271,25128400,792
2021-04-08,142.527496,144.714996,142.490005,143.169998,142.96077,24441600,793
2021-04-09,142.139999,144.080002,141.75,144,143.789551,19517200,794
2021-04-12,142.897507,153.524994,141.392502,152.089996,151.867722,86932400,795
2021-04-13,152.315002,157,151.257507,156.794998,156.565842,67621200,796
2021-04-14,156.25,157.205002,152.274994,152.770004,152.546738,38550000,797
2021-04-15,156.625,162.142502,156.315002,161.372498,161.136642,59848000,798
2021-04-16,160.529999,161.657501,158.652496,159.125,158.892441,33520800,799
2021-04-19,155.365005,158.074997,152.330002,153.617493,153.392975,40442000,800
2021-04-20,153.232498,154.970001,149.630005,151.712494,151.490768,33413200,801
2021-04-21,151.1875,153.625,151.022507,153.604996,153.380493,21677600,802
2021-04-22,153.75,154.384995,147.835007,148.502502,148.285461,27778800,803
2021-04-23,149.342499,153.350006,149.002502,152.652496,152.429398,22750000,804
2021-04-26,151.850006,154.789993,151.25,154.779999,154.553787,19779600,805
2021-04-27,155.785004,156.705002,153.544998,153.817505,153.592697,16457200,806
2021-04-28,153.645004,155.322495,152.154999,152.767502,152.544235,20941600,807
2021-04-29,154,154.365005,150.714996,153.247498,153.023514,17319600,808
2021-04-30,151.744995,153.649994,149.970001,150.095001,149.875641,20191200,809
2021-05-03,151.25,152.467499,147.875,148.367493,148.15065,20391200,810
2021-05-04,146.372498,146.375,140.102493,143.512497,143.30275,40532400,811
2021-05-05,147.089996,148.134995,143.875,144.585007,144.373688,29202400,812
2021-05-06,144.952499,145.712494,142.179993,145.229996,145.017761,19338000,813
2021-05-07,148.082504,149.707504,146.717499,148.122498,147.906021,22932800,814
2021-05-10,147.872498,148.059998,142.5,142.657501,142.449036,26890400,815
2021-05-11,138.25,143.547501,137.5,143.0625,142.853424,28558400,816
2021-05-12,140.095001,142.602493,137.092499,137.585007,137.383911,30340800,817
2021-05-13,140.337494,140.807495,134.589996,136.652496,136.452774,28540400,818
2021-05-14,138.899994,143.279999,137.485001,142.429993,142.221817,25861600,819
2021-05-17,141.570007,141.692505,138.535004,141.654999,141.447968,21698000,820
2021-05-18,142.669998,144.042496,140.039993,140.157501,139.952682,18625600,821
2021-05-19,135.664993,140.794998,135.432495,140.657501,140.45195,34400000,822
2021-05-20,143.024994,146.837494,142.705002,146.125,145.911453,32159200,823
2021-05-21,151.637497,152.220001,148.695007,149.917496,149.698395,67299200,824
2021-05-24,152.125,157.449997,151.759995,156.119995,155.89183,55481600,825
2021-05-25,157.660004,158.184998,154.824997,156.477493,156.248795,43540800,826
2021-05-26,157.342499,157.9375,155.862503,157,156.770569,37044000,827
2021-05-27,156.997498,157.5,154.600006,154.880005,154.653641,58147600,828
2021-05-28,155.009995,162.774994,155.009995,162.445007,162.207581,64453600,829
2021-06-01,162.699997,163.882507,159.032501,162.645004,162.407318,47280400,830
2021-06-02,162.522507,169.1875,162.354996,167.782501,167.537277,59416800,831
2021-06-03,167.007507,172.589996,165.830002,169.697495,169.449478,58000800,832
2021-06-04,171.125,176.610001,170.955002,175.782501,175.525604,61712000,833
2021-06-07,175.712494,178.125,171.927505,176.190002,175.932495,57575600,834
2021-06-08,175.272507,176.214996,172.509995,174.570007,174.314865,32384800,835
2021-06-09,175.157501,175.75,172.557495,173.582504,173.368515,38165600,836
2021-06-10,173.5,174.919998,171.759995,174.25,174.035217,28777200,837
2021-06-11,174.794998,179.392502,174.4375,178.252502,178.032776,41630800,838
2021-06-14,179.059998,180.395004,176.627502,180.1875,179.965408,32137600,839
2021-06-15,179.149994,180.162506,177.279999,177.884995,177.665726,24303200,840
2021-06-16,177.907501,179.547501,175.845001,178.102493,177.882965,30712400,841
2021-06-17,177.744995,188.350006,177.5625,186.572495,186.342499,80965600,842
2021-06-18,187.839996,193.75,185.839996,186.387497,186.157761,96885600,843
2021-06-21,184.352493,185.365005,178.227493,184.272507,184.045364,67238400,844
2021-06-22,184.714996,189.637497,183.860001,188.867493,188.634689,58014400,845
2021-06-23,190.077499,191.527496,189.077499,190.572495,190.337585,33235600,846
2021-06-24,192.277496,194.199997,190.882507,192.054993,191.818237,32092400,847
2021-06-25,192.804993,193.455002,188.945007,190.309998,190.075409,27836400,848
2021-06-28,193.612503,200.787506,193.190002,199.850006,199.603668,49543600,849
2021-06-29,198.824997,200.987503,196.570007,200.267502,200.020645,36763200,850
2021-06-30,199.992493,201.625,198.637497,200.024994,199.778427,32656800,851
2021-07-01,201.25,204.559998,200.190002,202.119995,201.87085,48013600,852
2021-07-02,204.402496,205.052505,202.877502,204.869995,204.617462,34276400,853
2021-07-06,207.375,208.419998,203.502502,206.985001,206.729874,44670800,854
2021-07-07,208.535004,208.75,203.320007,203.717499,203.466385,41842800,855
2021-07-08,198.565002,201.330002,197.007507,199.027496,198.78215,50330000,856
2021-07-09,199.625,200.802505,197.542496,200.502502,200.255371,29662400,857
2021-07-12,202.399994,205.327499,201.877502,205.125,204.872162,32198400,858
2021-07-13,204.005005,204.612503,201.139999,202.5,202.250397,29070800,859
2021-07-14,203.577499,204.177505,197.527496,198.414993,198.17038,38010000,860
2021-07-15,198.117493,198.470001,188.585007,189.662506,189.428741,55056400,861
2021-07-16,190.304993,191.570007,180.729996,181.610001,181.386154,68822400,862
2021-07-19,179.152496,190.419998,178.654999,187.797501,187.56601,74906000,863
2021-07-20,187.300003,188.380005,181.639999,186.119995,185.890579,43468700,864
2021-07-21,188.820007,195.270004,187.419998,194.100006,193.860733,37101700,865
2021-07-22,196.419998,198.869995,192.759995,195.940002,195.698486,32382600,866
2021-07-23,196.559998,197,192.5,195.580002,195.338928,19567200,867
2021-07-26,193.110001,194.419998,189.139999,192.940002,192.702164,20394300,868
2021-07-27,192.649994,196.220001,187.410004,192.080002,191.843246,24886300,869
2021-07-28,193.190002,196.460007,189.949997,195.029999,194.789581,20219100,870
2021-07-29,195.190002,198.529999,193.279999,196.619995,196.377625,19078100,871
2021-07-30,194.179993,196.300003,192.630005,194.990005,194.749664,18349700,872
2021-08-02,197,199.610001,193.610001,197.5,197.256546,21744400,873
2021-08-03,197.399994,202.220001,192.199997,198.149994,197.905746,30181100,874
2021-08-04,199.899994,203.179993,198.279999,202.740005,202.490097,23130900,875
2021-08-05,205,207.330002,203.419998,206.369995,206.115601,21143500,876
2021-08-06,205.240005,205.699997,202.100006,203.660004,203.408966,17849700,877
2021-08-09,204.460007,205.080002,201.429993,202.949997,202.699844,14644300,878
2021-08-10,203.220001,204.300003,198.350006,199.360001,199.114258,17923800,879
2021-08-11,200.429993,200.490005,194.300003,196.990005,196.747177,18592500,880
2021-08-12,198.699997,200.289993,196.199997,199.050003,198.804642,15165200,881
2021-08-13,199.050003,202.139999,198.509995,201.880005,201.631149,18306300,882
2021-08-16,201.350006,202.869995,194.529999,199.5,199.254074,21087600,883
2021-08-17,196.850006,197.699997,192.669998,194.580002,194.340149,20458500,884
2021-08-18,195,196.339996,190,190.399994,190.165298,28591300,885
2021-08-19,194.940002,204.949997,187.619995,197.979996,197.735947,76655500,886
2021-08-20,199.910004,208.649994,199.330002,208.160004,207.903412,67574100,887
2021-08-23,209.710007,219.970001,209.5,219.580002,219.309341,57580700,888
2021-08-24,217.529999,219.589996,215.350006,217.929993,217.661362,29729900,889
2021-08-25,217.369995,224.699997,217.220001,222.130005,221.856186,34770100,890
2021-08-26,222,223.399994,217.899994,220.679993,220.407974,23794000,891
2021-08-27,221.839996,227.220001,221.669998,226.360001,226.080978,30472200,892
2021-08-30,228.300003,230.429993,225.509995,226.880005,226.600327,26258000,893
2021-08-31,226.949997,226.949997,221.199997,223.850006,223.61351,25985000,894
2021-09-01,224.850006,226.970001,223.570007,224.410004,224.172928,20176700,895
2021-09-02,225.179993,225.929993,222.949997,223.960007,223.723389,18783400,896
2021-09-03,223.25,229.860001,222,228.429993,228.188644,28053200,897
2021-09-07,228.330002,228.990005,225.220001,226.619995,226.380569,19810700,898
2021-09-08,225.130005,226.100006,219.770004,223.389999,223.153992,25443400,899
2021-09-09,223.119995,225.380005,221.309998,221.770004,221.535706,19685600,900
2021-09-10,223.479996,226.259995,222.699997,224.779999,224.542526,24837600,901
2021-09-13,226.839996,229.639999,218.580002,221.520004,221.285965,29750000,902
2021-09-14,222.75,224.100006,220.860001,222.419998,222.185013,19975500,903
2021-09-15,223.089996,223.669998,219.660004,223.410004,223.173965,16653800,904
2021-09-16,221.830002,222.770004,219.270004,222.419998,222.185013,15603300,905
2021-09-17,223,223.210007,218.300003,219,218.768616,29450300,906
2021-09-20,211.460007,214.330002,206.619995,211.130005,210.906937,34944000,907
2021-09-21,214.169998,214.25,209.5,212.460007,212.235519,20468800,908
2021-09-22,213.660004,219.600006,211.960007,219.410004,219.178177,26872600,909
2021-09-23,221.399994,225.350006,218.899994,224.820007,224.582474,24855500,910
2021-09-24,220.699997,221.490005,218.610001,220.809998,220.576721,21765500,911
2021-09-27,217.100006,217.990005,213.25,216.600006,216.371155,24521500,912
2021-09-28,212.139999,214.190002,206.509995,206.990005,206.771301,34306900,913
2021-09-29,209.399994,210.169998,204.669998,205.169998,204.953217,21839400,914
2021-09-30,207.679993,210.660004,206.880005,207.160004,206.941132,22100900,915
2021-10-01,207.5,208.589996,202.029999,207.419998,207.200836,24097800,916
2021-10-04,205.039993,205.419998,195.550003,197.320007,197.111526,34563500,917
2021-10-05,199.5,206.479996,198.539993,204.509995,204.29393,27928200,918
2021-10-06,201.199997,207.199997,200.800003,207,206.781296,29720200,919
2021-10-07,210.919998,213.220001,209.720001,210.75,210.527328,25691900,920
2021-10-08,211.009995,212.059998,207.75,208.309998,208.089905,15125800,921
2021-10-11,205.75,210.630005,205.110001,206.949997,206.731369,16338800,922
2021-10-12,208.279999,210.570007,205.279999,206.710007,206.491608,16213400,923
2021-10-13,209.179993,209.899994,207.130005,209.389999,209.168762,18065200,924
2021-10-14,212.880005,217.550003,211.220001,217.460007,217.23024,24358900,925
2021-10-15,218.100006,219.309998,216.619995,218.619995,218.388992,22699400,926
2021-10-18,217.490005,222.910004,216.440002,222.220001,221.985199,18949400,927
2021-10-19,222.759995,223.789993,220.369995,222.899994,222.664505,16147300,928
2021-10-20,223.050003,224.330002,219.820007,221.029999,220.796478,14627600,929
2021-10-21,220.970001,227.110001,220.830002,226.919998,226.680252,18759000,930
2021-10-22,228.229996,231.300003,225.610001,227.259995,227.019897,24938400,931
2021-10-25,229.729996,233.550003,227.699997,231.660004,231.415268,23023500,932
2021-10-26,239.889999,252.589996,239.240005,247.169998,246.908859,48589800,933
2021-10-27,244.740005,250.899994,242.820007,244.509995,244.251678,24599000,934
2021-10-28,248.779999,249.5,245.229996,249.410004,249.1465,23420400,935
2021-10-29,250.009995,257.089996,250,255.669998,255.399872,29250300,936
2021-11-01,256.48999,258.940002,252.270004,258.269989,257.997101,26574000,937
2021-11-02,258.220001,266.779999,258,264.01001,263.731049,29411200,938
2021-11-03,266.700012,267.839996,262.350006,265.980011,265.699005,23991000,939
2021-11-04,272.290009,313.649994,271.179993,298.01001,297.695129,115363100,940
2021-11-05,301.869995,314,294.100006,297.519989,297.205627,85126000,941
2021-11-08,301.48999,311,299.070007,308.040009,307.714569,50310100,942
2021-11-09,322.820007,323.100006,299.640015,306.570007,306.246124,64674600,943
2021-11-10,293.559998,308.5,287.779999,294.589996,294.278778,63620600,944
2021-11-11,304.679993,305.899994,297.769989,303.899994,303.578918,33217200,945
2021-11-12,300.100006,306.799988,296.299988,303.899994,303.578918,41305400,946
2021-11-15,305.519989,306.440002,292.470001,300.25,299.9328,38490900,947
2021-11-16,297.589996,303.899994,297.059998,302.029999,301.710876,26448400,948
2021-11-17,304.179993,305.089996,288,292.609985,292.300842,42850800,949
2021-11-18,323.670013,327.600006,313.209991,316.75,316.415314,78171100,950
2021-11-19,322.429993,330.880005,319.049988,329.850006,329.501556,53386700,951
2021-11-22,335.170013,346.470001,319,319.559998,319.222382,75433500,952
2021-11-23,315.350006,323.600006,308.799988,317.459991,317.124573,53216300,953
2021-11-24,314.609985,328.549988,309.279999,326.73999,326.394775,43516200,954
2021-11-26,326,327.100006,313.5,315.029999,314.697144,28306900,955
2021-11-29,323.660004,334.119995,320.359985,333.76001,333.40741,45496400,956
2021-11-30,331.690002,333.529999,318.640015,326.76001,326.414795,62206600,957
2021-12-01,332.190002,332.890015,313.799988,314.350006,314.056335,48436800,958
2021-12-02,312.140015,324.779999,310.25,321.26001,320.959869,47289000,959
2021-12-03,320,321.290009,301.299988,306.929993,306.64325,54432500,960
2021-12-06,298.799988,302.410004,280.380005,300.369995,300.089386,65893800,961
2021-12-07,309.570007,324.48999,306.51001,324.269989,323.967041,59305300,962
2021-12-08,319.98999,322.899994,314.209991,318.26001,317.962677,47555100,963
2021-12-09,317.339996,322.049988,304.279999,304.899994,304.615112,48850700,964
2021-12-10,311.5,313.049988,298.609985,301.980011,301.697906,48882500,965
2021-12-13,302.48999,302.940002,281.160004,281.609985,281.346893,59834400,966
2021-12-14,276.98999,286.779999,272.5,283.369995,283.105255,66703500,967
2021-12-15,284,305,278.380005,304.589996,304.30545,69829700,968
2021-12-16,311.519989,311.600006,280.929993,283.869995,283.604797,70736600,969
2021-12-17,279.850006,289.220001,277.600006,278.01001,277.750275,71375800,970
2021-12-20,273.049988,281.440002,271.450012,277.190002,276.93103,46184700,971
2021-12-21,283.73999,291.200012,274.01001,290.75,290.478363,52438500,972
2021-12-22,288.910004,295.549988,284.48999,294,293.725372,39518400,973
2021-12-23,297.549988,300.589996,294.309998,296.399994,296.123077,34302200,974
2021-12-27,296.600006,310.869995,296.399994,309.450012,309.160919,40368600,975
2021-12-28,313.119995,313.299988,300.119995,303.220001,302.936707,42059100,976
2021-12-29,302.730011,305.480011,293.660004,300.01001,299.729706,34313900,977
2021-12-30,298.269989,304.570007,295.399994,295.859985,295.583588,30886400,978
2021-12-31,296.73999,300.299988,293.309998,294.109985,293.835236,26653000,979
2022-01-03,298.149994,307.109985,297.850006,301.209991,300.928589,39154700,980
2022-01-04,302.769989,304.679993,283.48999,292.899994,292.626343,52715400,981
2022-01-05,289.48999,294.160004,275.329987,276.040009,275.782104,49806400,982
2022-01-06,276.399994,284.380005,270.649994,281.779999,281.516754,45418600,983
2022-01-07,281.410004,284.220001,270.570007,272.470001,272.215454,40993900,984
2022-01-10,265.809998,274.690002,256.440002,274,273.744019,59468100,985
2022-01-11,273.230011,280.649994,268.390015,278.170013,277.910126,40408900,986
2022-01-12,280.670013,285.950012,276.079987,279.98999,279.728424,38341300,987
2022-01-13,283.790009,284.799988,264.980011,265.75,265.50174,54017100,988
2022-01-14,263,271.970001,262.100006,269.420013,269.168335,39583200,989
2022-01-18,262.600006,266.380005,257.700012,259.029999,258.788025,42427000,990
2022-01-19,260.790009,265.429993,250.520004,250.669998,250.435822,48831500,991
2022-01-20,253.039993,255.789993,240.779999,241.5,241.274384,43518100,992
2022-01-21,235.070007,248.229996,232.630005,233.740005,233.521652,71895800,993
2022-01-24,223.300003,233.800003,208.880005,233.720001,233.501663,91398200,994
2022-01-25,225.460007,229.429993,220,223.240005,223.031464,66461600,995
2022-01-26,232.399994,240.570007,223,227.720001,227.507263,75595900,996
2022-01-27,235.679993,239.949997,216.75,219.440002,219.235001,57335300,997
2022-01-28,220.119995,228.580002,212.960007,228.399994,228.186615,54377400,998
2022-01-31,231.820007,245.089996,230.520004,244.860001,244.631256,56468000,999
2022-02-01,251.039993,251.449997,238.899994,246.380005,246.149826,51892500,1000
2022-02-02,257.940002,258.170013,245.529999,252.419998,252.184189,54341900,1001
2022-02-03,244.580002,250.770004,237.800003,239.479996,239.256256,41017800,1002
2022-02-04,239.720001,246.350006,236.320007,243.190002,242.962799,35482900,1003
2022-02-07,243.720001,251.820007,242.020004,247.279999,247.048981,37686800,1004
2022-02-08,243.589996,252.300003,239.800003,251.080002,250.845444,41035900,1005
2022-02-09,256.220001,267.25,253.529999,267.049988,266.800476,52428200,1006
2022-02-10,259.950012,269.25,256,258.23999,257.998718,51320000,1007
2022-02-11,259.160004,261.519989,237.729996,239.490005,239.266251,60547200,1008
2022-02-14,239.339996,248.75,237.550003,242.669998,242.443283,44042400,1009
2022-02-15,249.490005,265.450012,247.839996,264.950012,264.702484,69986900,1010
2022-02-16,262.589996,265.820007,255.520004,265.109985,264.862335,73267600,1011
2022-02-17,256.299988,257.850006,241.649994,245.070007,244.841064,81059500,1012
2022-02-18,246.679993,249.860001,231,236.419998,236.199142,76125500,1013
2022-02-22,230.350006,240.639999,230,233.899994,233.681488,63342200,1014
2022-02-23,238.020004,241.550003,223.009995,223.869995,223.660858,56651100,1015
2022-02-24,210.149994,238,208.899994,237.479996,237.258133,73580100,1016
2022-02-25,237.210007,242.169998,233.809998,241.570007,241.34433,52886600,1017
2022-02-28,239.919998,246.649994,237.070007,243.850006,243.622192,47731900,1018
2022-03-01,242.910004,243.770004,231.320007,234.770004,234.55069,41205600,1019
2022-03-02,237.559998,244.089996,234.149994,242.199997,242.014954,38964200,1020
2022-03-03,242.619995,243.259995,234.690002,237.139999,236.958817,36509500,1021
2022-03-04,233.839996,236.800003,224.820007,229.360001,229.184769,43141500,1022
2022-03-07,228.169998,230.330002,213.300003,213.520004,213.356873,45082100,1023
2022-03-08,213.089996,223.729996,206.5,215.139999,214.975632,55746700,1024
2022-03-09,223.869995,232.199997,222.470001,230.139999,229.964157,49274200,1025
2022-03-10,225.309998,227.880005,218.820007,226.580002,226.406891,42806600,1026
2022-03-11,230.220001,231.449997,220.460007,221,220.831161,36720900,1027
2022-03-14,218.690002,222.619995,211.589996,213.300003,213.137039,38535400,1028
2022-03-15,215.179993,230.380005,213.220001,229.729996,229.554474,49199600,1029
2022-03-16,235,245.970001,231.720001,244.960007,244.772858,67142200,1030
2022-03-17,241.199997,248.419998,239.059998,247.660004,247.470795,47194100,1031
2022-03-18,247.990005,265.690002,246.240005,264.529999,264.327881,73071900,1032
2022-03-21,265.070007,271.519989,259.670013,267.339996,267.135773,59172700,1033
2022-03-22,267.269989,272.380005,260.720001,265.23999,265.037354,54700700,1034
2022-03-23,261.26001,266.119995,255.75,256.339996,256.144165,50212000,1035
2022-03-24,261.660004,283.200012,259.070007,281.5,281.284943,87737900,1036
2022-03-25,278.859985,283.579987,272.709991,276.920013,276.708435,57901600,1037
2022-03-28,277.559998,282.5,272.059998,282.190002,281.974396,42549400,1038
2022-03-29,286.950012,289.459991,279.799988,286.559998,286.341095,48898400,1039
2022-03-30,283.040009,284.959991,275.029999,276.899994,276.688477,46348700,1040
2022-03-31,277.820007,282.480011,272.700012,272.859985,272.65152,52344000,1041
2022-04-01,273.75,274.959991,262.670013,267.119995,266.915924,51723500,1042
2022-04-04,267.279999,275.579987,266.130005,273.600006,273.390991,39712000,1043
2022-04-05,272.540009,273.190002,258.200012,259.309998,259.111908,43661500,1044
2022-04-06,249.339996,253,240.029999,244.070007,243.88353,70383300,1045
2022-04-07,244.410004,247.220001,234.779999,242.080002,241.89505,55799200,1046
2022-04-08,239.169998,239.229996,230.619995,231.190002,231.013382,52478100,1047
2022-04-11,222.139999,223.199997,216.600006,219.169998,219.002548,57520700,1048
2022-04-12,225.369995,227.25,212.820007,215.039993,214.875687,66225800,1049
2022-04-13,217.279999,225,214.550003,222.029999,221.860352,51694300,1050
2022-04-14,225.050003,227.770004,211.630005,212.580002,212.417587,56909700,1051
2022-04-18,212,220.880005,210.789993,217.830002,217.663589,52570100,1052
2022-04-19,217.199997,223.729996,213.139999,221.979996,221.810394,51278100,1053
2022-04-20,225.169998,226.699997,212,214.820007,214.655884,46897400,1054
2022-04-21,217.089996,223.919998,200,201.830002,201.675812,65620900,1055
2022-04-22,203.029999,204.860001,195,195.149994,195.000916,62471300,1056
2022-04-25,192.020004,199.449997,190.960007,199.020004,198.86795,64156600,1057
2022-04-26,197.179993,197.880005,186.699997,187.880005,187.73645,65314300,1058
2022-04-27,185.979996,191.669998,182.899994,184.149994,184.009308,49946000,1059
2022-04-28,189.669998,200.369995,184.899994,197.820007,197.668884,57032700,1060
2022-04-29,194.020004,201.279999,185.169998,185.470001,185.328308,50043500,1061
2022-05-02,185.410004,195.740005,183.910004,195.330002,195.180771,57204900,1062
2022-05-03,194,198.25,191.330002,196.020004,195.870255,47575100,1063
2022-05-04,199.229996,204,187.509995,203.339996,203.184631,64885500,1064
2022-05-05,198.669998,199.25,185,188.440002,188.296036,62633100,1065
2022-05-06,187.360001,195.119995,179.899994,186.75,186.607315,63329700,1066
2022-05-09,180.339996,182.550003,168.270004,169.5,169.370499,64445500,1067
2022-05-10,176.889999,181.979996,170.25,175.949997,175.815567,76147400,1068
2022-05-11,173.470001,177.529999,165.679993,166.300003,166.172943,67016700,1069
2022-05-12,162.190002,167.880005,155.669998,161.75,161.626419,70872800,1070
2022-05-13,167.880005,179.279999,165.929993,177.059998,176.924728,67043700,1071
2022-05-16,175.089996,177.880005,171.059998,172.639999,172.508102,52144600,1072
2022-05-17,180.740005,183.710007,176.339996,181.770004,181.631134,58583000,1073
2022-05-18,177.050003,181.179993,168.639999,169.380005,169.250595,54516100,1074
2022-05-19,169.369995,176.869995,167.339996,171.240005,171.109177,62131000,1075
2022-05-20,173.320007,174.100006,157.550003,166.940002,166.812454,73910500,1076
2022-05-23,162.740005,169.149994,161.789993,168.979996,168.850891,63988900,1077
2022-05-24,165.100006,165.970001,157.800003,161.539993,161.41658,58855000,1078
2022-05-25,160.199997,171.110001,160,169.75,169.6203,78113200,1079
2022-05-26,160.360001,180.919998,160.220001,178.509995,178.373611,99657500,1080
2022-05-27,181.860001,188.809998,181,188.110001,187.966293,73837900,1081
2022-05-31,189.800003,192,183.5,186.720001,186.577347,66410000,1082
2022-06-01,187.240005,190.529999,181.220001,183.199997,183.060028,54451400,1083
2022-06-02,182.919998,196.190002,181.979996,195.919998,195.770325,64865600,1084
2022-06-03,190.820007,193.320007,185.220001,187.199997,187.056976,59877900,1085
2022-06-06,191.389999,193.369995,185.639999,187.860001,187.716492,42240600,1086
2022-06-07,184.720001,190,181.880005,189.259995,189.115387,38891400,1087
2022-06-08,187.990005,191.800003,185.350006,186.479996,186.376907,36325200,1088
2022-06-09,184.809998,189.330002,180.410004,180.479996,180.380234,39557400,1089
2022-06-10,176,176.970001,168.690002,169.740005,169.646179,46524800,1090
2022-06-13,160,163.119995,156.059998,156.470001,156.383514,60415300,1091
2022-06-14,157.309998,160.660004,154.119995,158.360001,158.272461,46968000,1092
2022-06-15,160.949997,168.679993,159.259995,165.270004,165.17865,56393600,1093
2022-06-16,158.600006,159.419998,154.009995,156.009995,155.923767,54574900,1094
2022-06-17,156.479996,159.949997,153.279999,158.800003,158.712219,63033400,1095
2022-06-21,164.75,170.080002,164.070007,165.660004,165.568436,48308900,1096
2022-06-22,162.259995,166.619995,161.800003,163.600006,163.509583,43713500,1097
2022-06-23,165.190002,165.850006,158.529999,162.25,162.160309,46368000,1098
2022-06-24,165,171.399994,163.100006,171.259995,171.165329,47215300,1099
2022-06-27,173.119995,173.300003,166.259995,168.690002,168.596756,42796800,1100
2022-06-28,169,172.020004,159.449997,159.820007,159.731674,46114900,1101
2022-06-29,158.139999,158.199997,151.699997,155.419998,155.334091,48235200,1102
2022-06-30,153.610001,155.669998,148.619995,151.589996,151.50621,68607000,1103
2022-07-01,148.990005,150.630005,143.919998,145.229996,145.149719,57761000,1104
2022-07-05,141.75,149.710007,140.550003,149.639999,149.557297,65139700,1105
2022-07-06,150.100006,153.190002,147.889999,151.300003,151.21637,52906600,1106
2022-07-07,154.559998,159.449997,153.889999,158.580002,158.492355,49290300,1107
2022-07-08,154.300003,160.369995,153.889999,158.380005,158.292465,46797200,1108
2022-07-11,155.259995,155.270004,150.380005,151.520004,151.436249,43732100,1109
2022-07-12,152.679993,154.309998,148.770004,150.820007,150.736649,45848300,1110
2022-07-13,145.899994,153.75,144.649994,151.639999,151.556183,52191800,1111
2022-07-14,151.080002,154.729996,147.279999,153.720001,153.635025,45623500,1112
2022-07-15,156.589996,157.820007,154.449997,157.619995,157.532867,38593500,1113
2022-07-18,163.020004,168.970001,160.020004,161.009995,160.92099,67051700,1114
2022-07-19,164.860001,171.100006,161.720001,169.919998,169.82608,70236600,1115
2022-07-20,169.470001,179.330002,168.009995,178.070007,177.971573,76053800,1116
2022-07-21,178.850006,181.440002,175.449997,180.5,180.400223,55704900,1117
2022-07-22,178.929993,179.669998,171.369995,173.190002,173.094269,53667100,1118
2022-07-25,170.190002,171.240005,166.490005,170.240005,170.145905,48074800,1119
2022-07-26,168.889999,169.190002,164.779999,165.330002,165.238617,39786500,1120
2022-07-27,170.320007,179.360001,169.130005,177.899994,177.801666,56977600,1121
2022-07-28,179.75,181.399994,174.399994,179.839996,179.740585,47464600,1122
2022-07-29,178.130005,182.440002,176.919998,181.630005,181.529602,43546000,1123
2022-08-01,181.820007,188.460007,179.899994,184.410004,184.308075,47646900,1124
2022-08-02,181.220001,189.380005,180.919998,185.259995,185.157593,48952700,1125
2022-08-03,181.839996,189.679993,181.369995,188.929993,188.825562,41814600,1126
2022-08-04,188.490005,192.740005,187.600006,192.149994,192.043777,40965200,1127
2022-08-05,188.100006,192.289993,186.660004,189.889999,189.785034,38606800,1128
2022-08-08,175.020004,182.389999,172.419998,177.929993,177.831635,98185900,1129
2022-08-09,172.520004,174.470001,167.240005,170.860001,170.765564,66826300,1130
2022-08-10,176.979996,181.179993,173.169998,180.970001,180.86998,59742200,1131
2022-08-11,181.309998,187.070007,178.759995,179.419998,179.320831,50932700,1132
2022-08-12,181.600006,187.179993,179.529999,187.089996,186.986588,47809400,1133
2022-08-15,187.009995,191.639999,186.130005,190.320007,190.214813,45766600,1134
2022-08-16,189.199997,191.419998,185.009995,188.789993,188.685623,45124000,1135
2022-08-17,185.229996,186.880005,181.449997,183.350006,183.248657,44679900,1136
2022-08-18,183.009995,188.649994,181.830002,187.729996,187.626221,41544700,1137
2022-08-19,184.059998,185.199997,177.699997,178.490005,178.391342,44158800,1138
2022-08-22,174.899994,175.580002,169.660004,170.339996,170.24585,40959300,1139
2022-08-23,169.889999,174.649994,169.699997,171.809998,171.715027,36998600,1140
2022-08-24,170.119995,174.059998,168.949997,172.220001,172.124802,52266100,1141
2022-08-25,168.440002,179.470001,168.330002,179.130005,179.030991,77069100,1142
2022-08-26,178.570007,179.240005,162.369995,162.600006,162.510117,76912700,1143
2022-08-29,160.199997,163.380005,157.669998,158.009995,157.922653,49613200,1144
2022-08-30,159.600006,160.389999,151.820007,154.679993,154.594498,53018100,1145
2022-08-31,153.839996,155.399994,149.589996,150.940002,150.856567,57371000,1146
2022-09-01,142.089996,143.800003,132.699997,139.369995,139.292969,117886500,1147
2022-09-02,141,141.710007,135.910004,136.470001,136.394562,74315700,1148
2022-09-06,137.309998,137.789993,133.509995,134.649994,134.575577,53575100,1149
2022-09-07,135.630005,138.380005,133.460007,137.139999,137.104919,51265700,1150
2022-09-08,134.589996,140.080002,133.690002,139.899994,139.864212,62487300,1151
2022-09-09,141.570007,144.740005,141.259995,143.869995,143.833191,48661200,1152
2022-09-12,143.690002,145.470001,141.979996,145.050003,145.012909,48415900,1153
2022-09-13,138.020004,139.220001,130.990005,131.309998,131.276413,71495600,1154
2022-09-14,132.539993,132.899994,129.130005,131.279999,131.246429,58850700,1155
2022-09-15,130.149994,132.330002,127.900002,129.289993,129.256927,52362500,1156
2022-09-16,127.419998,132.119995,126.169998,131.979996,131.946243,67075100,1157
2022-09-19,130.119995,134.630005,130.100006,133.820007,133.785782,56968500,1158
2022-09-20,132.149994,134.830002,130.570007,131.759995,131.726288,52481800,1159
2022-09-21,132.130005,140.309998,131.100006,132.610001,132.57608,80767900,1160
2022-09-22,130.699997,131.490005,124.279999,125.610001,125.577873,75916200,1161
2022-09-23,124.199997,126.110001,122.57,125.160004,125.127991,66330900,1162
2022-09-26,124.910004,126.589996,122.139999,122.279999,122.248726,54734300,1163
2022-09-27,125.07,127.360001,122.580002,124.129997,124.098251,55385400,1164
2022-09-28,124.099998,128.229996,123.540001,127.360001,127.327423,54241400,1165
2022-09-29,124.480003,125,119.459999,122.199997,122.168739,53276300,1166
2022-09-30,120.870003,126.330002,120.75,121.389999,121.358955,56563800,1167
2022-10-03,123.470001,126.779999,121.050003,125.120003,125.088005,54747800,1168
2022-10-04,128.789993,132.199997,128.789993,131.669998,131.636322,58418200,1169
2022-10-05,129.110001,133.210007,126.209999,132.089996,132.056213,50713100,1170
2022-10-06,132.199997,136.559998,131.029999,131.300003,131.266418,64415700,1171
2022-10-07,125.050003,126.699997,120.220001,120.760002,120.729118,67247800,1172
2022-10-10,120.370003,121.239998,114.080002,116.699997,116.670151,69869900,1173
2022-10-11,115.610001,118.459999,112.830002,115.860001,115.830368,66748200,1174
2022-10-12,115.790001,117.349998,113.449997,115,114.970589,49259000,1175
2022-10-13,109.709999,120.779999,108.129997,119.599998,119.569412,85010300,1176
2022-10-14,120.57,121.110001,112.040001,112.269997,112.24128,71343200,1177
2022-10-17,115.18,119.480003,115.169998,118.879997,118.849594,58077400,1178
2022-10-18,123.440002,124.919998,116.18,119.669998,119.639389,65936200,1179
2022-10-19,118.790001,123.5,118.339996,120.510002,120.479179,52313100,1180
2022-10-20,121.129997,127.690002,121.050003,121.940002,121.908813,65239800,1181
2022-10-21,120.980003,124.980003,118.870003,124.660004,124.62812,60949400,1182
2022-10-24,125.080002,127.099998,120.639999,125.989998,125.957771,51745700,1183
2022-10-25,126.940002,133,126.639999,132.610001,132.57608,50548200,1184
2022-10-26,128.690002,133.880005,127.080002,128.960007,128.927017,53295300,1185
2022-10-27,136.300003,138.380005,131.220001,131.759995,131.726288,58311300,1186
2022-10-28,131.039993,138.5,130.610001,138.339996,138.304611,52104000,1187
2022-10-31,137.779999,138.380005,132.970001,134.970001,134.935486,48634100,1188
2022-11-01,138.110001,139.25,135.190002,135.429993,135.395355,43281700,1189
2022-11-02,138.5,142.100006,132.110001,132.190002,132.156189,67262800,1190
2022-11-03,130.429993,137.809998,129.559998,134.210007,134.175674,50006500,1191
2022-11-04,139.860001,142.289993,136.970001,141.559998,141.523788,61257600,1192
2022-11-07,142.279999,144.119995,139.539993,143.009995,142.973419,41006100,1193
2022-11-08,148.009995,148.910004,142.160004,146.020004,145.982651,59529200,1194
2022-11-09,141.619995,142.110001,137.589996,137.759995,137.724762,45441400,1195
2022-11-10,148,157.729996,145.470001,157.5,157.459717,70081900,1196
2022-11-11,158.070007,163.889999,154.820007,163.270004,163.228241,65548700,1197
2022-11-14,162.179993,165.399994,159.220001,162.949997,162.908325,52785200,1198
2022-11-15,167.220001,169.979996,163.820007,166.660004,166.617371,54587600,1199
2022-11-16,161.619995,163.619995,158.729996,159.100006,159.059311,64954700,1200
2022-11-17,157.149994,162.660004,155.350006,156.770004,156.729904,71089400,1201
2022-11-18,159.660004,160.020004,151.199997,154.089996,154.050583,49207200,1202
2022-11-21,151.470001,154.770004,150.800003,153.169998,153.130829,40473900,1203
2022-11-22,153.279999,160.580002,151.220001,160.380005,160.338989,47286600,1204
2022-11-23,160.979996,165.270004,160.479996,165.190002,165.147751,42724100,1205
2022-11-25,163.179993,164.869995,161.720001,162.699997,162.658386,16793400,1206
2022-11-28,160.259995,163.570007,157.25,158.270004,158.229523,30374100,1207
2022-11-29,158.270004,159.320007,155.199997,156.389999,156.350006,29838400,1208
2022-11-30,156.970001,169.300003,155.970001,169.229996,169.229996,56529800,1209
2022-12-01,169.990005,172.649994,166.350006,171.350006,171.350006,47097700,1210
2022-12-02,166.589996,169.330002,164.449997,168.759995,168.759995,37138900,1211
2022-12-05,166.789993,169.949997,164.720001,166.100006,166.100006,35225500,1212
2022-12-06,165.300003,165.729996,158.190002,159.869995,159.869995,35269400,1213
2022-12-07,157.720001,161.860001,156.669998,161.199997,161.199997,37238800,1214
2022-12-08,162.729996,171.789993,159.589996,171.690002,171.690002,51545600,1215
2022-12-09,171.600006,175.830002,169.75,170.009995,170.009995,46533800,1216
2022-12-12,170.369995,175.380005,167.970001,175.350006,175.350006,45732800,1217
2022-12-13,185.309998,187.899994,177.110001,180.720001,180.720001,65658900,1218
2022-12-14,179.869995,182.520004,174.199997,176.740005,176.740005,49688800,1219
2022-12-15,171.460007,173.199997,167,169.520004,169.520004,47854200,1220
2022-12-16,168.639999,170.410004,164.100006,165.710007,165.710007,47823200,1221
2022-12-19,165.720001,166.089996,161.449997,162.539993,162.539993,35403900,1222
2022-12-20,160.639999,163.100006,158.520004,160.850006,160.850006,40326000,1223
2022-12-21,161.139999,166.270004,161.020004,165.009995,165.009995,32502500,1224
2022-12-22,160.940002,161.380005,148.820007,153.389999,153.389999,56504500,1225
2022-12-23,151.960007,153.389999,148.830002,152.059998,152.059998,34932600,1226
2022-12-27,150.740005,151,140.559998,141.210007,141.210007,46490200,1227
2022-12-28,139.270004,142.619995,138.839996,140.360001,140.360001,35106600,1228
2022-12-29,144.020004,146.830002,142.270004,146.029999,146.029999,35492300,1229
2022-12-30,143.339996,146.289993,142.330002,146.139999,146.139999,31027300,1230
2023-01-03,148.509995,149.960007,140.960007,143.149994,143.149994,40127700,1231
2023-01-04,145.669998,148.529999,142.410004,147.490005,147.490005,43132400,1232
2023-01-05,144.910004,145.639999,141.479996,142.649994,142.649994,38916800,1233
2023-01-06,144.740005,150.100006,140.339996,148.589996,148.589996,40482300,1234
2023-01-09,152.839996,160.559998,151.410004,156.279999,156.279999,50423100,1235
2023-01-10,155.070007,159.619995,154.720001,159.089996,159.089996,38410100,1236
2023-01-11,158.399994,160.279999,155.630005,160.009995,160.009995,35328500,1237
2023-01-12,161,166.369995,154.919998,165.110001,165.110001,55140900,1238
2023-01-13,162.779999,169.220001,161.649994,168.990005,168.990005,44693500,1239
2023-01-17,168.990005,177.279999,168.990005,177.020004,177.020004,51110200,1240
2023-01-18,176.669998,178.729996,172.820007,173.770004,173.770004,43962400,1241
2023-01-19,170.360001,171.970001,167.309998,167.649994,167.649994,45293200,1242
2023-01-20,170.110001,178.559998,168.25,178.389999,178.389999,56401600,1243
2023-01-23,180.639999,192.449997,178.179993,191.929993,191.929993,65516300,1244
2023-01-24,188.270004,194.949997,188.199997,192.649994,192.649994,49620400,1245
2023-01-25,189.130005,193.699997,185.800003,193.229996,193.229996,44953700,1246
2023-01-26,197.009995,201.660004,192.779999,198.020004,198.020004,48953500,1247
2023-01-27,194.619995,206.279999,194.050003,203.649994,203.649994,54163300,1248
2023-01-30,199.5,201.399994,191.5,191.619995,191.619995,48861100,1249
2023-01-31,191.699997,196.869995,189.5,195.369995,195.369995,49801700,1250
2023-02-01,196.910004,211.919998,196.110001,209.429993,209.429993,66047700,1251
2023-02-02,210,219.490005,207,217.089996,217.089996,56427600,1252
2023-02-03,210,217.449997,207.889999,211,211,42892500,1253
2023-02-06,208.059998,215.699997,207.860001,210.889999,210.889999,45219700,1254
2023-02-07,213.820007,222.589996,211.5,221.729996,221.729996,66415000,1255
2023-02-08,223.869995,228.779999,220.080002,222.050003,222.050003,55965100,1256
2023-02-09,226.059998,230.199997,221.199997,223.369995,223.369995,52287400,1257